employee_id,guid,gen_name,first_name,last_name,nationality,gender,email,hire_date,leave_date,date_of_birth
E00001,44eca9c9-0081-4d69-906e-73285b7f6dd2,Generation Z (1997-2012),Terry,Cooper,US,male,terry.cooper@example.com,2022-09-07,2022-08-30,1999-05-17
E00003,16d3207c-8a95-4abb-9d6b-46215ab73d83,Generation Z (1997-2012),William,Phillips,GB,male,william.phillips@example.com,2023-03-20,2023-06-20,1998-08-14
E00006,afededdb-6441-423b-9917-872e22597dd5,Generation Z (1997-2012),Patsy,Davis,US,female,patsy.davis@example.com,2022-09-04,2023-06-10,2000-11-06
E00007,a55792b2-b0ac-464e-bcd9-68865662156b,Generation Z (1997-2012),Florence,Hart,GB,female,florence.hart@example.com,2022-04-22,,2000-12-03
E00009,3af26094-7a1a-4bd9-ad56-a158670fb732,Generation Z (1997-2012),Jayden,Wells,US,male,jayden.wells@example.com,2023-03-17,,2000-10-16
E00011,8ba61159-e327-4668-84c2-bafa9d87bca3,Generation Z (1997-2012),Nathaniel,Bryant,GB,male,nathaniel.bryant@example.com,2021-05-17,,1999-12-01
E00013,243106b5-fdf6-48d8-a776-2cba0f2101bd,Generation Z (1997-2012),Oscar,Payne,GB,male,oscar.payne@example.com,2022-07-08,,1999-12-26
E00014,e83cd918-d05c-4ba8-93a6-da8a73ca6f96,Generation Z (1997-2012),Phoebe,Harper,GB,female,phoebe.harper@example.com,2021-11-29,2021-09-22,1998-08-09
E00020,dedf7fc9-688a-4cf1-a719-f1be2efe10e5,Generation Z (1997-2012),Abbie,Patterson,GB,female,abbie.patterson@example.com,2020-02-08,2020-04-03,2000-04-23
E00023,01f29354-58dc-4064-8410-018ff04c7558,Generation Z (1997-2012),Barbara,Ferguson,GB,female,barbara.ferguson@example.com,2020-09-15,2022-09-29,2001-04-21
E00024,57fc2d5f-1d5f-4265-b713-1e390bec532d,Generation Z (1997-2012),Kelly,Barnett,GB,male,kelly.barnett@example.com,2023-03-18,,1999-02-26
E00034,7beab3c0-a02e-4064-ada7-735d388253ce,Generation Z (1997-2012),Alessio,Brun,FR,male,alessio.brun@example.com,2022-07-29,2021-12-19,1998-12-06
E00037,c325bdb4-23b2-42f4-a843-6bb758e1873e,Generation Z (1997-2012),Michelle,Jones,US,female,michelle.jones@example.com,2021-04-02,2022-08-29,1999-08-22
E00038,2b35fc1b-522e-4f7a-aea6-1706a93e2824,Generation Z (1997-2012),Ellie,Mitchell,GB,female,ellie.mitchell@example.com,2023-04-24,,1998-05-31
E00039,6fda7c01-eb5c-4683-b7f4-89113ac98ddf,Generation Z (1997-2012),Angie,Clark,GB,female,angie.clark@example.com,2021-04-23,,2000-09-03
E00043,774c9d3f-4911-4dbb-8574-10cf56777a6b,Generation Z (1997-2012),Harvey,Mitchelle,GB,male,harvey.mitchelle@example.com,2023-03-27,2022-06-24,2001-01-03
E00045,84738036-ca7a-4377-956b-01306538db1d,Generation Z (1997-2012),Alicia,Macdonald,CA,female,alicia.macdonald@example.com,2023-01-30,,1999-06-18
E00048,d8ef1d37-0a9c-4e59-adf6-714a14949cd9,Generation Z (1997-2012),Dwayne,Watson,GB,male,dwayne.watson@example.com,2022-04-28,2021-08-31,1999-10-24
E00051,d8fb5b95-1f16-455a-8074-4bf2f2a36d9f,Generation Z (1997-2012),Edward,Hale,GB,male,edward.hale@example.com,2023-01-30,,2000-03-01
E00055,8c431039-bb93-4bb1-82ec-6928ffaa0907,Generation Z (1997-2012),Earl,Graham,GB,male,earl.graham@example.com,2020-01-21,2022-03-14,1999-07-14
E00068,39520f85-a502-4103-ba0c-90fea1adc171,Generation Z (1997-2012),Archie,Evans,NZ,male,archie.evans@example.com,2023-04-29,,2001-05-10
E00071,f8cbda5b-81ed-40ac-919f-43b57115ade6,Generation Z (1997-2012),Ian,Rose,US,male,ian.rose@example.com,2020-09-03,,2000-11-19
E00076,495741df-5fd2-42bc-96fb-0b2cbab72a58,Generation Z (1997-2012),Marlinde,Van Doorne,NL,female,marlinde.vandoorne@example.com,2023-06-22,,2000-04-02
E00077,ce9e8a3b-01cb-4677-badd-d776b96de02d,Generation Z (1997-2012),Brooklyn,Prescott,US,female,brooklyn.prescott@example.com,2018-04-02,2019-06-13,2000-05-12
E00078,a29ade9d-de70-4af7-bc7f-d0ee334cd370,Generation Z (1997-2012),Meghana,Rai,IN,female,meghana.rai@example.com,2021-04-01,2022-12-16,2000-04-14
E00079,a240cb01-a801-4577-9a65-c056042f113c,Generation Z (1997-2012),Nicky,Meyer,GB,female,nicky.meyer@example.com,2022-09-19,,2001-02-19
E00081,e1187780-e015-4711-a602-e8ea7bd80aa0,Generation Z (1997-2012),Suzanna,Jackson,GB,female,suzanna.jackson@example.com,2023-06-16,,1999-12-24
E00082,7bfce136-09cb-4136-926f-9a002a37b0c9,Generation Z (1997-2012),Deniz,Mertoğlu,TR,male,deniz.mertoglu@example.com,2023-03-02,,2000-08-16
E00087,317b178f-99c0-48b9-bb0d-9ea981cf77e7,Generation Z (1997-2012),Gabriel,Peters,GB,male,gabriel.peters@example.com,2022-02-28,2022-11-30,1998-07-12
E00088,63f50d91-57c8-4ac0-a819-e110f0ac444d,Generation Z (1997-2012),Martha,Rivera,GB,female,martha.rivera@example.com,2023-01-05,2022-12-26,1999-07-15
E00090,84325321-d190-417c-86b1-00fe69bd1386,Generation Z (1997-2012),Grace,Adams,GB,female,grace.adams@example.com,2021-11-26,2022-06-25,1998-12-27
E00092,695b3dd1-bdde-4a30-811e-452f09b0bd15,Generation Z (1997-2012),Gordon,Shaw,GB,male,gordon.shaw@example.com,2022-05-01,2022-11-11,1998-10-10
E00099,4d9cce28-c4a9-4ce1-9041-8d865c88e204,Generation Z (1997-2012),Ian,Bowman,GB,male,ian.bowman@example.com,2022-03-03,2023-03-08,1998-11-16
E00105,7eecf1a5-d398-4bac-bcc1-bd14a1e82669,Generation Z (1997-2012),Ege,Gönültaş,TR,female,ege.gonultas@example.com,2022-01-24,2022-04-28,1999-08-27
E00108,b1f9fa8e-ab9d-4263-9f1e-4b96930dace3,Generation Z (1997-2012),Kyle,Jimenez,AU,male,kyle.jimenez@example.com,2019-09-21,2021-03-27,2000-07-26
E00109,3dd4bd39-77b7-4f9f-9ad1-f36631e7978d,Generation Z (1997-2012),Lidia,Prieto,ES,female,lidia.prieto@example.com,2023-06-04,,2000-07-16
E00111,505ec663-4282-4f21-a0b4-ee7ac293960c,Generation Z (1997-2012),Daryl,Nguyen,GB,male,daryl.nguyen@example.com,2022-12-18,,1999-11-20
E00120,5b3fc0ab-7eb4-4605-b673-e0602ec76e96,Generation Z (1997-2012),Alex,Chambers,GB,male,alex.chambers@example.com,2023-05-07,,2001-03-29
E00121,04d0b84a-3491-4f55-8bec-1deb1a9d96a1,Generation Z (1997-2012),Vicki,Cooper,GB,female,vicki.cooper@example.com,2022-11-24,,2001-01-09
E00124,65742c46-2f08-490f-9589-c99870facabb,Generation Z (1997-2012),Zack,Rhodes,US,male,zack.rhodes@example.com,2021-12-06,2023-03-11,2000-12-13
E00125,308171f0-f8f3-4cdb-b578-369920970f64,Generation Z (1997-2012),Leo,Horton,US,male,leo.horton@example.com,2023-06-26,,2000-05-19
E00129,eceeef11-422e-4521-aa18-765859e5fae3,Generation Z (1997-2012),Simon,Kristensen,DK,male,simon.kristensen@example.com,2022-04-24,2022-12-07,1998-12-23
E00131,d72e3900-e133-4fae-8f74-dfcd992490da,Generation Z (1997-2012),Catherine,Lewis,GB,female,catherine.lewis@example.com,2022-01-04,2022-11-06,2000-06-19
E00132,d0696203-e504-494c-ad87-37d27bc7e342,Generation Z (1997-2012),Maddison,Harvey,GB,female,maddison.harvey@example.com,2022-05-29,2023-05-06,1998-07-22
E00137,e9ade065-b9ff-4d02-b691-a76dbda71c18,Generation Z (1997-2012),Alexandra,Clark,GB,female,alexandra.clark@example.com,2021-05-30,2020-12-21,1999-12-03
E00138,a505bb6a-8a39-4b32-b32e-1383334126c5,Generation Z (1997-2012),Jackson,Wagner,GB,male,jackson.wagner@example.com,2022-04-13,2023-03-18,2001-05-03
E00139,4d202a6b-6de5-46c1-82fe-05302e08815c,Generation Z (1997-2012),Dick,Reynolds,GB,male,dick.reynolds@example.com,2020-02-29,2023-01-21,1999-06-07
E00143,e062c7aa-159e-4caa-be7e-e63b283ad489,Generation Z (1997-2012),Anna,Ross,US,female,anna.ross@example.com,2018-04-24,,1999-03-16
E00145,b8f71620-d6c2-494f-84c4-2c728072fc7a,Generation Z (1997-2012),Arlene,Peterson,US,female,arlene.peterson@example.com,2021-05-19,,1999-01-30
E00147,9ea220c1-fd56-419f-bf4f-e47c679d257d,Generation Z (1997-2012),Javier,Parker,US,male,javier.parker@example.com,2022-06-30,,1999-07-12
E00149,e50b4ae5-5c6f-42db-baf6-c25aa86a7117,Generation Z (1997-2012),Sammy,Roberts,GB,male,sammy.roberts@example.com,2021-04-29,2021-10-23,2000-07-31
E00152,935fa390-0c30-48bd-a2d8-067200b091dd,Generation Z (1997-2012),Mia,Phillips,GB,female,mia.phillips@example.com,2021-06-29,2022-11-17,2000-11-15
E00154,39cbc447-b0cf-4c09-ae20-0cc50af697e2,Generation Z (1997-2012),Faith,Mcdonalid,GB,female,faith.mcdonalid@example.com,2023-05-02,,2001-01-31
E00165,743e548d-eed9-4c13-adfe-8981fa35c932,Generation Z (1997-2012),Jesus,Shaw,GB,male,jesus.shaw@example.com,2023-05-27,,2001-04-14
E00175,e4092600-a411-4d73-9129-3e57b402e2bf,Generation Z (1997-2012),Lucy,Pena,US,female,lucy.pena@example.com,2023-04-23,,1998-08-04
E00176,19848125-5de5-410d-816c-73f9cbd5e4cd,Generation Z (1997-2012),Deborah,Henry,GB,female,deborah.henry@example.com,2023-02-24,,1998-08-07
E00177,83725782-162b-4582-aaea-c163fdd4cc53,Generation Z (1997-2012),Javier,Henry,CH,male,javier.henry@example.com,2021-04-30,2022-05-22,1999-11-16
E00178,ae54a114-518d-46df-9ecd-66e42012fd07,Generation Z (1997-2012),Donna,Smith,GB,female,donna.smith@example.com,2022-03-24,2023-02-03,1998-09-24
E00179,82249319-c367-4c44-969c-42ac5f07e4cd,Generation Z (1997-2012),Jakob,Payne,GB,male,jakob.payne@example.com,2021-01-26,2020-05-26,2000-03-09
E00180,970e254a-f0e9-4eb1-ad38-5b1d784441b2,Generation Z (1997-2012),Xander,Robinson,GB,male,xander.robinson@example.com,2021-01-27,2023-05-30,2000-04-02
E00183,6f65a7f9-9c1f-4e9e-9833-8a7f4f3ccbc0,Generation Z (1997-2012),Samantha,Pierce,US,female,samantha.pierce@example.com,2020-09-09,2021-09-03,1999-12-09
E00184,14e59963-fecc-4d46-9f7f-f351bb1cae45,Generation Z (1997-2012),Alex,Mitchell,GB,female,alex.mitchell@example.com,2022-10-06,2023-02-16,2001-03-24
E00185,548a6c3b-8381-4250-b5bd-7e9a208e696e,Generation Z (1997-2012),Zander,Nelson,GB,male,zander.nelson@example.com,2023-03-18,,2000-06-26
E00186,3bce5b45-b6de-4e03-96bf-784d7795f74d,Generation Z (1997-2012),Stacey,Cruz,US,female,stacey.cruz@example.com,2021-09-16,2022-09-13,1998-07-11
E00188,300f6f51-f4af-4886-97ad-3deda35ffd46,Generation Z (1997-2012),Clara,Kim,US,female,clara.kim@example.com,2018-11-05,,1999-04-14
E00191,9855555c-21f2-47af-96be-c0936ae3063b,Generation Z (1997-2012),Elliot,Black,GB,male,elliot.black@example.com,2020-06-15,,2000-06-17
E00194,244368ae-899f-49e3-971b-e1f7f5f624bb,Generation Z (1997-2012),Noah,Mason,GB,male,noah.mason@example.com,2022-06-10,2022-10-24,2000-07-04
E00196,3e60bd53-abcb-421f-a3de-9b99d03e33f2,Generation Z (1997-2012),Sebastian,Hansen,DK,male,sebastian.hansen@example.com,2022-04-14,,2000-03-29
E00202,71805088-7656-4507-99b7-fdb3d3598d87,Generation Z (1997-2012),Raul,Graves,GB,male,raul.graves@example.com,2021-04-17,,2001-02-26
E00204,9e915159-5f9d-4e69-a6f7-f7b71049847e,Generation Z (1997-2012),Catherine,Bishop,US,female,catherine.bishop@example.com,2022-03-11,2023-03-26,2000-09-21
E00205,87244bbd-f3e0-46f2-bd66-46276ead04b4,Generation Z (1997-2012),Wendy,Hale,AU,female,wendy.hale@example.com,2022-08-14,2022-10-29,1999-09-14
E00206,a688d05d-fb21-418b-adbd-8b3b25376099,Generation Z (1997-2012),Sheryl,Gibson,GB,female,sheryl.gibson@example.com,2018-09-05,2018-12-19,2000-01-27
E00216,ad1a4d6d-1c97-4c06-8bf3-ecebe1b94073,Generation Z (1997-2012),Carolyn,Hansen,GB,female,carolyn.hansen@example.com,2018-08-17,2019-12-10,2001-01-02
E00217,47a699bd-b254-4f28-b90d-3bc91cddab36,Generation Z (1997-2012),Raul,Cruz,GB,male,raul.cruz@example.com,2020-06-02,,1999-05-20
E00223,c4f1c3cc-04ab-44b3-af22-59675acfee52,Generation Z (1997-2012),Porfirio,Paredes,MX,male,porfirio.paredes@example.com,2023-01-01,2022-12-28,2000-01-01
E00230,2800fd5b-2cd6-4164-9ed3-6f3883ca8d42,Generation Z (1997-2012),Bratislava,Blažić,RS,female,bratislava.blazic@example.com,2019-08-02,2019-11-18,2000-03-16
E00239,9dcb4ab3-f10d-4c0f-b1e6-b2ef46bd72c3,Generation Z (1997-2012),Elliot,Barnaby,CA,male,elliot.barnaby@example.com,2023-03-26,2022-04-27,1999-07-04
E00242,c390761b-704c-469e-bae5-bebba737cd1b,Generation Z (1997-2012),Roy,Perez,GB,male,roy.perez@example.com,2022-02-12,2022-03-21,2000-07-09
E00243,97efb89d-ee55-42a8-b794-9b904d7d540a,Generation Z (1997-2012),Susan,Lawson,GB,female,susan.lawson@example.com,2022-06-17,2023-01-02,2001-05-14
E00248,a0cf745b-b76a-4d59-835b-6daae740a4a2,Generation Z (1997-2012),Everett,Thompson,GB,male,everett.thompson@example.com,2020-01-14,2020-08-10,1999-01-11
E00252,6a73052c-b364-49ce-91b6-bba53b9e0d0d,Generation Z (1997-2012),Regina,Torres,US,female,regina.torres@example.com,2023-05-15,,2000-10-03
E00254,72cfee37-b3fa-4e53-b4d1-c31714a77ed7,Generation Z (1997-2012),Kathy,Gomez,GB,female,kathy.gomez@example.com,2018-08-03,,1999-08-29
E00257,46b0254d-3ec1-4f5a-9614-60fd9bf41a5c,Generation Z (1997-2012),Barb,Jensen,GB,female,barb.jensen@example.com,2022-01-29,2022-10-16,2000-12-27
E00258,b2ba8289-3f7f-4c5b-bb12-5377896c28dc,Generation Z (1997-2012),Marilyn,Pierce,US,female,marilyn.pierce@example.com,2022-04-27,,2000-10-28
E00260,e4fc80cb-de3f-4f3f-8283-bba91fdb919e,Generation Z (1997-2012),Avery,Douglas,GB,female,avery.douglas@example.com,2021-06-07,2021-10-28,1999-07-09
E00261,61afe027-0c5a-49cb-99bf-7a472e91e27c,Generation Z (1997-2012),Eleanor,Dean,GB,female,eleanor.dean@example.com,2022-01-18,2022-09-12,1999-04-24
E00264,2225d921-92c4-4c2d-94d3-a6fdf23048dc,Generation Z (1997-2012),Ciro,Nascimento,BR,male,ciro.nascimento@example.com,2019-02-13,2019-05-30,2000-04-11
E00265,68b77746-3124-4043-b191-3466ff57f781,Generation Z (1997-2012),Alice,Rice,GB,female,alice.rice@example.com,2018-05-09,2022-03-13,1999-06-17
E00267,24bd84de-aafb-48d7-a2ea-fc992939d41c,Generation Z (1997-2012),Tomothy,Coleman,US,male,tomothy.coleman@example.com,2023-06-30,,1998-11-10
E00269,9cebf1cf-3f34-49c6-8942-23d61e36b385,Generation Z (1997-2012),Leah,James,GB,female,leah.james@example.com,2022-06-01,,2000-08-25
E00275,c418ff54-f8e7-4204-b9e0-0dd5f7c32f66,Generation Z (1997-2012),Brianna,Robinson,US,female,brianna.robinson@example.com,2021-06-03,2021-10-17,2000-05-22
E00277,6dcc20bc-f38b-4962-9136-33174fd5a031,Generation Z (1997-2012),Priscilla,Kelly,US,female,priscilla.kelly@example.com,2019-09-06,2020-06-25,1998-06-25
E00278,bce6944f-bc55-4b31-8bb7-9ef9eb8a0b12,Generation Z (1997-2012),Ava,Lynch,GB,female,ava.lynch@example.com,2022-12-10,,2001-05-11
E00279,395efb4b-f5a9-4e68-9d2e-ec86bff05f98,Generation Z (1997-2012),Emma,Sanders,GB,female,emma.sanders@example.com,2023-02-06,2023-01-31,2000-10-23
E00282,6d0a8912-9cdc-47df-89a2-a25d724322b8,Generation Z (1997-2012),Abby,Wagner,GB,female,abby.wagner@example.com,2022-06-13,,2000-03-16
E00285,e630674d-7880-4047-9baa-c38ef3bb7147,Generation Z (1997-2012),Timothy,Vargas,GB,male,timothy.vargas@example.com,2021-07-31,2022-10-12,1999-09-11
E00291,7a5a1ecb-d478-41a5-883f-f20728d6e915,Generation Z (1997-2012),Nelson,Henry,GB,male,nelson.henry@example.com,2021-09-24,,2000-11-18
E00297,0d7641a8-2a56-41dc-b4f9-2e45e5cbe90a,Generation Z (1997-2012),Devashree,Bhoja,IN,female,devashree.bhoja@example.com,2021-11-02,2022-08-23,1999-06-17
E00303,33457bab-f4dd-403f-b2ad-ff53bb9a3972,Generation Z (1997-2012),Willie,Gutierrez,GB,male,willie.gutierrez@example.com,2023-05-27,,2000-08-09
E00306,5a590baa-d9a7-4ba1-8517-a3007cdb411e,Generation Z (1997-2012),Alice,Alexander,GB,female,alice.alexander@example.com,2022-11-05,2023-06-22,1999-07-29
E00309,4b221963-d412-481e-b6da-b97be9e0af3f,Generation Z (1997-2012),Sophie,Mcdonalid,GB,female,sophie.mcdonalid@example.com,2022-11-19,2023-06-03,2000-12-04
E00310,016b2f7a-c315-4ad9-acd3-fc8bc9fa2a7d,Generation Z (1997-2012),Dwight,Mendoza,GB,male,dwight.mendoza@example.com,2023-01-03,,2000-01-06
E00311,59abfe82-d70e-4990-8f92-047574cb5126,Generation Z (1997-2012),Porfírio,Almeida,BR,male,porfirio.almeida@example.com,2022-11-08,2023-02-24,1998-06-12
E00318,d2283619-3958-4122-a8ee-a07b7e1bb4f7,Generation Z (1997-2012),Ted,Little,GB,male,ted.little@example.com,2023-04-08,,1998-11-06
E00319,6fbb8537-af87-4ccc-8912-3b406b1af63f,Generation Z (1997-2012),Phil,Wells,GB,male,phil.wells@example.com,2021-07-23,,2000-11-23
E00320,dda61b88-7425-44d7-967b-283408f36d45,Generation Z (1997-2012),Kelly,Flores,GB,female,kelly.flores@example.com,2022-03-23,,1999-07-07
E00322,d4f75996-a229-493c-a1f5-6112928e6b5a,Generation Z (1997-2012),Fernando,Snyder,GB,male,fernando.snyder@example.com,2021-09-15,2022-04-14,1998-09-08
E00324,344a783d-8c2a-45f4-9445-fa3a66b12f1b,Generation Z (1997-2012),Melanie,Graves,AU,female,melanie.graves@example.com,2021-02-01,2021-07-19,2000-03-23
E00325,e484c02a-316e-4c37-aefc-dfd84f2b26dc,Generation Z (1997-2012),Nicholas,Pearson,GB,male,nicholas.pearson@example.com,2023-02-25,,2001-02-10
E00326,bee50a13-b7a7-4fbe-a23b-7f6954f3c57c,Generation Z (1997-2012),Lenícia,Moreira,BR,female,lenicia.moreira@example.com,2021-05-17,,1999-11-16
E00328,76d8652e-69e2-4535-a726-e56578dbe14f,Generation Z (1997-2012),Felix,Silva,GB,male,felix.silva@example.com,2019-02-23,2019-09-09,1999-12-04
E00330,f113d215-a6f1-41a7-b206-3a4a3a4fcf85,Millenials (1981-1996),Franklin,Shaw,GB,male,franklin.shaw@example.com,2022-04-01,,1992-08-13
E00332,7c347f33-970d-4b14-882b-447715eeaf0e,Millenials (1981-1996),Eric,Cook,GB,male,eric.cook@example.com,2021-05-24,2023-06-09,1989-08-05
E00338,c493bc94-c821-441d-844a-4abbc1cc102e,Millenials (1981-1996),Brent,Pena,GB,male,brent.pena@example.com,2021-05-27,2022-01-02,1989-03-20
E00340,d78836d4-ff9b-46ad-91ca-f1c9084dfc00,Millenials (1981-1996),Susanna,Hamilton,GB,female,susanna.hamilton@example.com,2023-06-13,,1990-02-12
E00342,62778230-325e-4096-ae50-0444c3fc2e1b,Millenials (1981-1996),Brayden,Moore,GB,male,brayden.moore@example.com,2023-05-22,,1991-09-21
E00348,7a59a6e5-55cc-476d-aee1-b5b39e69ee23,Millenials (1981-1996),Izzie,Sanchez,GB,female,izzie.sanchez@example.com,2021-11-28,2023-05-04,1992-09-20
E00352,988caa70-a3f8-4913-b7dc-1c204ce1f6d1,Millenials (1981-1996),Caitlin,Fernandez,GB,female,caitlin.fernandez@example.com,2022-06-01,,1989-08-24
E00353,272dcc1c-afe7-4b20-a1e0-4207183f7257,Millenials (1981-1996),Alexandre,Tremblay,CA,male,alexandre.tremblay@example.com,2020-10-18,2021-11-17,1991-12-25
E00358,183d93f5-0c02-41be-a1bc-02501af6ec72,Millenials (1981-1996),Morris,Thomas,GB,male,morris.thomas@example.com,2022-06-12,2022-10-23,1989-06-26
E00361,2d445ae8-f7fd-4943-bdac-1f574a6f00af,Millenials (1981-1996),Ernest,Stanley,US,male,ernest.stanley@example.com,2022-04-01,,1995-10-14
E00363,127d7847-1008-4833-901a-22e31cd782d8,Millenials (1981-1996),Allie,Dean,GB,female,allie.dean@example.com,2022-04-30,,1996-12-04
E00364,c53db3c4-b0a7-4ac6-806e-86d95e4decde,Millenials (1981-1996),Julie,Bates,GB,female,julie.bates@example.com,2022-09-10,,1989-06-07
E00371,c2cfa608-7964-4378-894f-44e5cacd8d8b,Millenials (1981-1996),Kimberly,Anderson,GB,female,kimberly.anderson@example.com,2022-05-14,,1996-12-06
E00372,2960caae-b88f-4bb4-9d23-7145115f7503,Millenials (1981-1996),Hazel,Pierce,US,female,hazel.pierce@example.com,2023-05-15,,1992-11-30
E00377,4aa11613-0178-435b-9fa6-6a6b16ccff41,Millenials (1981-1996),Ethan,Young,US,male,ethan.young@example.com,2023-02-16,,1996-02-26
E00378,bc0e5f81-4700-412f-af4e-6ed77c846de9,Millenials (1981-1996),Holly,Snyder,GB,female,holly.snyder@example.com,2021-07-07,2021-08-09,1990-02-03
E00380,cd6f28c1-2d44-4dd0-9557-b88f0ac97332,Millenials (1981-1996),Jen,Carpenter,GB,female,jen.carpenter@example.com,2023-05-15,,1990-05-30
E00382,fc3b2b67-e6e4-4dec-81f8-6a8073133a5e,Millenials (1981-1996),Amber,Lowe,GB,female,amber.lowe@example.com,2021-05-11,2022-11-16,1989-07-05
E00383,beb8f410-4243-4633-8f0b-8141c824562f,Millenials (1981-1996),Jennifer,Cruz,GB,female,jennifer.cruz@example.com,2021-01-22,2022-03-28,1995-08-07
E00399,6f8286f0-6651-4472-92e9-10937fff91af,Generation Z (1997-2012),Ling,Shen,GB,female,Ling.Shen@example.com,2022-08-03,2022-07-26,1997-11-05
E00400,973c8b5c-3de0-41ab-b25a-148c4673e0f9,Millenials (1981-1996),Victoria,Pastor,ES,female,victoria.pastor@example.com,2021-05-07,,1988-06-29
E00403,73325da1-623c-49ab-9f7b-e2b2c5050fa6,Millenials (1981-1996),Lisa,Garrett,GB,female,lisa.garrett@example.com,2022-05-06,2023-03-15,1989-01-06
E00404,3f99150d-7fc5-4697-8afd-82309e9515fd,Millenials (1981-1996),Mimosa,Aragão,BR,female,mimosa.aragao@example.com,2022-10-07,2022-09-29,1995-02-24
E00412,7a42b349-d0c6-4e4b-b80e-d54c4074b6ab,Generation Z (1997-2012),Simon,Chow,CA,male,simon.chow@example.com,2021-09-23,2022-02-20,1997-02-13
E00413,537a42b5-091c-4e64-a6eb-c0d98f001ffc,Millenials (1981-1996),Sherri,Bowman,US,female,sherri.bowman@example.com,2023-04-09,,1991-01-12
E00414,b4ddcf3a-ed25-4394-b87d-bd7c07e9dc1d,Millenials (1981-1996),Bertha,Rodriguez,US,female,bertha.rodriguez@example.com,2020-06-09,,1996-11-26
E00416,1646247a-56b3-4fe4-b54f-9e367ca967c4,Millenials (1981-1996),Mathew,Gutierrez,US,male,mathew.gutierrez@example.com,2021-05-26,2022-07-01,1995-02-26
E00421,00b86119-1753-45c3-a4a0-740739451afc,Millenials (1981-1996),Lavrans,Skjeggestad,NO,male,lavrans.skjeggestad@example.com,2020-04-29,2020-05-18,1993-03-13
E00424,ab6f1416-9a82-4104-9dab-dea2fed5b0eb,Millenials (1981-1996),Caroline,Garza,GB,female,caroline.garza@example.com,2018-08-10,2021-08-03,1989-03-30
E00428,18ddba52-b1a4-46c0-ade2-119e387cc9bc,Millenials (1981-1996),Kayla,Gibson,GB,female,kayla.gibson@example.com,2021-05-26,2020-06-27,1993-04-09
E00429,7d7a6d66-e0f5-4ca5-9e14-1cf373434a7a,Millenials (1981-1996),George,Powell,GB,male,george.powell@example.com,2020-09-26,2019-12-18,1995-05-19
E00434,6418fcac-0a46-4351-a7d6-2e98987ca7f0,Millenials (1981-1996),Art,Wade,GB,male,art.wade@example.com,2023-04-02,,1993-12-03
E00437,e30a8645-4db0-45a1-80b4-8aeab7411ad8,Millenials (1981-1996),Ted,Morgan,US,male,ted.morgan@example.com,2019-11-03,2020-06-21,1994-02-05
E00438,7e37efe5-7566-4ee8-b70d-14eb1fa980f8,Millenials (1981-1996),Reina,Limón,MX,female,reina.limon@example.com,2023-02-09,,1994-07-27
E00439,4b0407c8-2fdf-4cc9-ade9-6f6974509e40,Millenials (1981-1996),Sarah,Cooper,GB,female,sarah.cooper@example.com,2022-03-28,2021-07-17,1988-11-13
E00440,cc242669-3813-4743-9d40-218e6e06d939,Millenials (1981-1996),Eva,Foster,US,female,eva.foster@example.com,2022-07-15,2023-02-14,1994-10-21
E00444,1b68b03e-d9cf-4c07-a2ff-101bc4944cae,Millenials (1981-1996),Evan,Stone,GB,male,evan.stone@example.com,2022-05-15,2022-09-28,1989-05-30
E00445,48390fff-8821-4fdf-a3ce-9650ac980c5d,Millenials (1981-1996),Bessie,Bryant,US,female,bessie.bryant@example.com,2023-05-02,,1992-06-20
E00449,06669cb1-4da3-4ba3-9e05-e53c9abe6ea0,Generation Z (1997-2012),Kelly,Lane,US,female,kelly.lane@example.com,2022-12-24,,1998-02-25
E00459,1459dbe1-ddaa-4f81-87c0-44d662c21413,Millenials (1981-1996),Edgar,Wells,US,male,edgar.wells@example.com,2021-07-14,,1993-04-20
E00460,52c5e898-6eb4-42eb-9000-7a224bfb51ef,Millenials (1981-1996),Eddie,Diaz,GB,male,eddie.diaz@example.com,2021-11-08,2022-02-13,1990-12-26
E00466,4a487f10-49a9-415a-af56-5901e762223e,Generation Z (1997-2012),Martha,Gibson,GB,female,martha.gibson@example.com,2023-06-20,,1997-04-07
E00470,cdf7c4a1-162a-4647-965a-4db0ea0c34bf,Millenials (1981-1996),Laura,Richardson,GB,female,laura.richardson@example.com,2023-01-21,,1990-06-21
E00471,16edef11-9aac-4dab-ac2c-615dbf3daca2,Millenials (1981-1996),Julia,Gibson,GB,female,julia.gibson@example.com,2018-11-15,,1990-07-14
E00474,cbb367c3-db04-4f33-9f02-da0a510ba16e,Millenials (1981-1996),Dan,Hughes,US,male,dan.hughes@example.com,2022-03-24,,1990-06-27
E00477,3e0fd109-b063-419b-b95e-bcffe8075f28,Millenials (1981-1996),Sharon,Ramirez,GB,female,sharon.ramirez@example.com,2022-11-21,,1992-07-09
E00478,c2f53247-4446-4d6e-8e36-ebb5c103b7f8,Millenials (1981-1996),Kayla,Morrison,GB,female,kayla.morrison@example.com,2022-03-07,,1995-10-14
E00479,278f30b7-06f6-42a8-94ef-04fc22f286d5,Millenials (1981-1996),Reingard,Strauß,DE,female,reingard.strauss@example.com,2022-06-08,2023-04-27,1990-01-07
E00481,7ad7fbd6-644e-4199-ab6f-60355633c50d,Millenials (1981-1996),Chloe,Reynolds,GB,female,chloe.reynolds@example.com,2022-05-28,,1989-06-07
E00489,9bfcd0a7-77ef-4b83-9485-af614731f861,Millenials (1981-1996),Johnni,Garza,GB,male,johnni.garza@example.com,2023-06-18,,1995-07-07
E00493,29c5d2d8-c973-42ef-8be3-ae8a30acd762,Generation Z (1997-2012),Luke,Stevens,GB,male,luke.stevens@example.com,2020-12-08,2023-05-08,1997-12-09
E00498,ba4a2902-d042-4cd4-9da2-7e2582cfebf8,Millenials (1981-1996),Riley,Mason,GB,male,riley.mason@example.com,2020-03-01,2021-06-01,1994-06-19
E00503,a4b26553-defb-4ed7-b42f-eb50313be292,Generation Z (1997-2012),Renee,Kelly,US,female,renee.kelly@example.com,2023-06-05,,1997-06-07
E00507,e485c85a-2687-429c-a866-7e2ab7aab739,Millenials (1981-1996),Victoria,Butler,GB,female,victoria.butler@example.com,2019-11-25,2020-02-27,1988-12-04
E00508,5565d41f-128e-4dc9-8bdd-8a5d70cbb48e,Millenials (1981-1996),Rebecca,Watkins,US,female,rebecca.watkins@example.com,2022-01-01,2022-04-08,1996-11-29
E00512,a5a04599-23c5-4a23-8250-638c6b622bff,Millenials (1981-1996),Marcus,Pena,GB,male,marcus.pena@example.com,2020-11-13,2021-08-27,1993-04-19
E00517,f442f9fa-996c-4042-9cc4-f5b95a080d47,Millenials (1981-1996),Ella,Flores,GB,female,ella.flores@example.com,2022-03-22,,1995-11-23
E00519,13604277-8431-4a2f-a107-a809c7e79676,Millenials (1981-1996),Corey,Reid,US,male,corey.reid@example.com,2023-01-01,2023-03-10,1994-08-04
E00521,3fd9691b-c2dc-4301-991a-4275948de2c7,Generation Z (1997-2012),Bernice,Watkins,US,female,bernice.watkins@example.com,2018-08-01,,1998-05-11
E00524,6e347131-f124-4280-a889-3a7a0aab0998,Millenials (1981-1996),Manuel,Curtis,US,male,manuel.curtis@example.com,2020-03-17,2022-10-29,1990-10-16
E00525,54f099cd-ebce-474a-88f5-c2918d68d849,Millenials (1981-1996),Dylan,Mills,GB,male,dylan.mills@example.com,2022-06-05,,1990-04-13
E00526,de031f58-46a9-4507-aa8c-03bd0e659a09,Millenials (1981-1996),Jill,Williams,US,female,jill.williams@example.com,2022-12-20,,1990-07-04
E00527,4753ef72-56dc-4dc1-808f-24945cdc441a,Millenials (1981-1996),Aubrey,Brown,CA,female,aubrey.brown@example.com,2020-07-12,2022-12-06,1989-12-27
E00529,d1bf02ee-9ab7-4d74-80da-6ff0260ad906,Millenials (1981-1996),Abby,Hopkins,GB,female,abby.hopkins@example.com,2020-09-07,,1996-05-14
E00531,22853c3b-3a11-45cf-930e-153b39a4d6ab,Millenials (1981-1996),Israel,Luevano,MX,male,israel.luevano@example.com,2018-11-09,2023-03-04,1994-06-21
E00533,a0f83941-79a2-47e6-8d56-bde87cf274bd,Millenials (1981-1996),Barb,Boyd,GB,female,barb.boyd@example.com,2020-12-21,,1993-12-02
E00535,6f1e1bfe-0d58-4809-8410-bb8de79335e5,Millenials (1981-1996),Terrance,Freeman,US,male,terrance.freeman@example.com,2018-04-30,2018-11-08,1990-05-17
E00536,393dfedb-20af-4548-b575-b6b7873fad3b,Millenials (1981-1996),Haron,Meyer,NL,male,haron.meyer@example.com,2021-12-04,2023-02-24,1990-11-27
E00537,78b4262c-8ebc-4370-90d5-02cdd33665da,Not Provided,Qing,Chen,GB,female,Qing.Chen@example.com,2021-11-12,2023-02-25,
E00538,319cb76c-70dd-46b3-8662-80aec19535e3,Millenials (1981-1996),Charlotte,Diaz,GB,female,charlotte.diaz@example.com,2021-11-06,2023-03-31,1989-10-24
E00542,1e9e6919-52d1-4bd0-bdb5-8db34efcc16f,Millenials (1981-1996),Christy,Wells,US,female,christy.wells@example.com,2020-12-01,2021-10-30,1989-05-28
E00544,954cdc6c-2918-45cf-aad8-7ec5010e8395,Millenials (1981-1996),Dustin,Torres,GB,male,dustin.torres@example.com,2022-01-15,2022-11-26,1992-10-11
E00553,a2be118c-9c9f-4c52-ad25-c9acf48a2709,Millenials (1981-1996),Jack,Day,US,male,jack.day@example.com,2022-05-05,2022-04-24,1988-10-11
E00555,3ffe5abe-8b42-4c82-8464-ed8159f68dcc,Millenials (1981-1996),Jenny,Mccoy,GB,female,jenny.mccoy@example.com,2018-04-22,2020-02-13,1995-07-16
E00556,ac897eb3-3650-4ee5-8a64-efa8ee69d465,Millenials (1981-1996),Lee,Hanson,GB,male,lee.hanson@example.com,2022-11-20,2023-05-08,1993-04-19
E00557,ac889c01-a1b2-45e9-ba30-d41d3b1ae5b7,Millenials (1981-1996),Sam,Carlson,GB,female,sam.carlson@example.com,2023-03-08,,1994-05-25
E00558,47ef24e1-67b3-4e61-8ee5-d1ee8b57f61b,Generation Z (1997-2012),Donna,Gerashchenko,UA,female,donna.gerashchenko@example.com,2020-01-13,,1998-02-04
E00559,7a81243a-0aa6-4072-bb10-b1d8cb3fadd3,Millenials (1981-1996),Julie,Matthews,IE,female,julie.matthews@example.com,2021-07-26,,1993-06-27
E00560,cb48c8b7-15fc-446d-9b7c-0d469a6b666d,Generation Z (1997-2012),Ralph,Bradley,GB,male,ralph.bradley@example.com,2022-04-10,2023-01-13,1997-01-18
E00561,03e4e638-9ef3-4bf0-afc6-dee39aba207e,Millenials (1981-1996),Willie,Evans,GB,male,willie.evans@example.com,2023-01-21,,1993-10-25
E00563,f34a645b-73da-4acf-a5ee-9abc83af1a13,Generation Z (1997-2012),Eva,Robertson,GB,female,eva.robertson@example.com,2023-02-04,,1997-07-07
E00570,8b8d8579-e143-485c-8197-2d86170d0010,Millenials (1981-1996),Ritthy,Bell,GB,male,ritthy.bell@example.com,2021-05-09,2022-12-10,1996-08-16
E00571,2e6f89c8-cee2-4ccb-9766-f93324080944,Millenials (1981-1996),Leah,Warren,GB,female,leah.warren@example.com,2023-03-16,,1993-12-03
E00575,c8638624-992b-4266-9678-0343f721be4e,Millenials (1981-1996),Kelly,Lee,GB,female,kelly.lee@example.com,2023-03-28,,1993-05-19
E00576,f1d80a8e-7e67-4b10-a84c-e144adc4e445,Millenials (1981-1996),Eduardo,Adams,US,male,eduardo.adams@example.com,2020-09-27,,1991-03-22
E00579,63df53c8-12ef-4c02-91d9-c8c68a66586e,Millenials (1981-1996),Steve,King,GB,male,steve.king@example.com,2023-04-24,,1995-06-25
E00588,20c8440f-f2d2-426e-b48d-943b35e10f22,Millenials (1981-1996),Richard,Barrett,GB,male,richard.barrett@example.com,2023-05-05,,1990-08-13
E00590,1f360e68-84a9-4cb5-bdb5-b6062b9d0805,Millenials (1981-1996),Barb,Ross,GB,female,barb.ross@example.com,2022-05-29,2022-09-26,1990-11-20
E00592,a254b645-1742-44e4-9392-d93f3c056dd8,Millenials (1981-1996),Arron,Ellis,US,male,arron.ellis@example.com,2021-03-01,2020-12-19,1995-05-21
E00595,856c6279-1a89-49db-bcf3-617046e9f3e9,Millenials (1981-1996),Hella,Lammers,DE,female,hella.lammers@example.com,2020-10-01,2021-05-07,1995-11-28
E00596,e2243c1c-b2dd-43a3-ace4-3bbd9d67f131,Millenials (1981-1996),Lucy,Mendoza,GB,female,lucy.mendoza@example.com,2022-07-19,,1992-12-15
E00597,9d7faeff-5ebb-41ac-834b-c846ba0f9f94,Millenials (1981-1996),Elliot,Ford,GB,male,elliot.ford@example.com,2022-04-26,2023-01-07,1989-03-02
E00598,9ee15135-bbe3-41b1-aa71-eca8e062ff1f,Millenials (1981-1996),Jenny,Powell,GB,female,jenny.powell@example.com,2023-03-17,,1996-02-08
E00600,eb5c42c1-0586-43df-86e8-d561698d1151,Millenials (1981-1996),Alvin,Peterson,GB,male,alvin.peterson@example.com,2022-04-08,2023-04-30,1989-11-28
E00602,555582e2-f90a-45b0-acbd-5746d5a825f3,Millenials (1981-1996),Isabella,Tucker,GB,female,isabella.tucker@example.com,2023-04-21,,1990-11-05
E00606,540d8dea-9025-41e9-8e03-5bacc056e5de,Generation Z (1997-2012),Debra,Burke,GB,female,debra.burke@example.com,2019-08-24,2020-11-10,1997-03-01
E00608,be7fb54f-5fe9-4fb5-a190-7418af1485f0,Millenials (1981-1996),Rafael,Hicks,GB,male,rafael.hicks@example.com,2022-04-14,,1991-09-26
E00610,116adf44-4d86-4fb7-b596-9e2d50c51e6c,Millenials (1981-1996),Travis,May,GB,male,travis.may@example.com,2023-05-24,,1993-06-15
E00615,d5fab14f-618d-4971-9e2e-b042080e0bc2,Millenials (1981-1996),Neil,Meyer,GB,male,neil.meyer@example.com,2019-11-14,2020-03-14,1987-06-25
E00618,be30b0de-a94c-4baa-a79d-f669fa03818f,Millenials (1981-1996),Babür,Atakol,TR,male,babur.atakol@example.com,2022-12-28,,1988-01-22
E00621,378edf0c-f309-400d-a640-b0727efcb9c3,Millenials (1981-1996),Lucy,Moore,GB,female,lucy.moore@example.com,2023-05-12,,1983-06-06
E00625,4027f336-57dc-4540-bd2b-318b27adc85b,Generation X (1965-1980),Morris,Palmer,US,male,morris.palmer@example.com,2022-12-08,,1979-12-17
E00627,7acdfa00-433e-4e38-b749-e2b6a8c821a9,Millenials (1981-1996),Tammy,Pearson,GB,female,tammy.pearson@example.com,2022-05-05,2022-12-28,1985-09-03
E00628,ac69717e-adee-4cf4-aa06-b57875fdda3c,Millenials (1981-1996),Levi,Wright,US,male,levi.wright@example.com,2022-01-05,,1988-04-26
E00629,b1a9cdc6-c40e-4c42-ba64-d99e4b25eff4,Millenials (1981-1996),Hanna,Carter,GB,female,hanna.carter@example.com,2021-07-29,2020-12-27,1987-05-13
E00630,b6dbba11-b85f-4bcd-80d0-331a5811ff46,Millenials (1981-1996),Mandy,Armstrong,GB,female,mandy.armstrong@example.com,2022-11-13,,1984-10-07
E00631,cbc6fd83-91a0-4de5-82cd-73db1bdbaa79,Generation X (1965-1980),Jim,Crawford,GB,male,jim.crawford@example.com,2022-12-26,2023-01-04,1979-05-12
E00635,65a17c02-0541-4f8c-bc98-93e9be27ee74,Millenials (1981-1996),Rich,Nichols,GB,male,rich.nichols@example.com,2022-12-01,,1983-07-18
E00636,b685b2b4-9427-4c6e-aeb0-c6030c2503ce,Millenials (1981-1996),Victor,Jean-Baptiste,CA,male,victor.jean-baptiste@example.com,2022-11-03,2023-01-07,1982-08-27
E00637,03cfc782-14b6-4f6c-a822-98564c152400,Millenials (1981-1996),Corey,Carr,GB,male,corey.carr@example.com,2020-06-11,,1987-08-17
E00638,47274769-5805-489f-86f9-fcf0c21de9ab,Millenials (1981-1996),Owen,Wheeler,GB,male,owen.wheeler@example.com,2023-05-28,,1981-05-13
E00642,0ad9de87-6668-402e-9a13-58bbf3be5ba7,Millenials (1981-1996),Marvin,Hoffman,GB,male,marvin.hoffman@example.com,2022-06-26,,1985-08-21
E00643,61e1dd84-0d9e-4667-bb91-2589f3f73010,Millenials (1981-1996),Wojciech,Støen,NO,male,wojciech.stoen@example.com,2020-07-14,2022-11-25,1983-06-02
E00645,bf6d8641-b138-41d4-a38d-23c389e07f9e,Millenials (1981-1996),Ava,Day,GB,female,ava.day@example.com,2021-08-14,,1985-09-02
E00647,157f84b2-b027-46f8-aa24-d81490f587be,Generation X (1965-1980),Olivia,Madsen,DK,female,olivia.madsen@example.com,2022-01-26,2021-05-18,1978-10-29
E00650,81e6af63-3792-4a95-a776-3186f26a8c98,Generation X (1965-1980),Javier,Mccoy,GB,male,javier.mccoy@example.com,2023-02-13,,1980-08-25
E00654,057de870-d2e3-4b69-b76d-5216e6de8af8,Generation X (1965-1980),Kazushi,Toda,GB,male,Kazushi.Toda@example.com,2023-02-15,,1978-07-15
E00656,91dd46b4-facf-4b84-8985-3562050622f4,Millenials (1981-1996),Andrea,Ryan,GB,female,andrea.ryan@example.com,2023-01-15,2023-05-09,1983-09-09
E00660,0b822c3f-4473-49f0-a8f8-934f890007b2,Millenials (1981-1996),Judith,Neal,GB,female,judith.neal@example.com,2019-11-26,2019-04-21,1986-11-20
E00661,9dc3525d-b3a7-440c-9d56-c76b753e92f3,Millenials (1981-1996),Sara,Bishop,GB,female,sara.bishop@example.com,2021-02-06,2021-03-20,1985-07-07
E00663,8c47aa9d-8f64-4396-954a-92a7edef10b6,Generation X (1965-1980),Terrance,Knight,GB,male,terrance.knight@example.com,2023-06-26,,1980-08-08
E00665,2a823f4a-0694-40cf-a9a5-7cd37b41272d,Millenials (1981-1996),Raul,Bates,GB,male,raul.bates@example.com,2020-03-04,2020-10-17,1983-12-29
E00669,ec3d7f94-9d58-41d0-88d3-011360b86d9b,Millenials (1981-1996),Marvin,Adams,GB,male,marvin.adams@example.com,2023-05-16,,1982-09-22
E00673,2c573001-9899-41d9-a728-7d3a2a483c39,Millenials (1981-1996),Kristin,Jennings,US,female,kristin.jennings@example.com,2019-09-02,,1984-07-14
E00675,2faeb93b-3372-4690-bf88-c10d4d5a7d3b,Millenials (1981-1996),Nicholas,Howard,US,male,nicholas.howard@example.com,2023-05-12,,1983-02-10
E00677,9ee2b9fa-d330-4fe6-b90d-533724b95fb9,Millenials (1981-1996),Eleanor,Andrews,GB,female,eleanor.andrews@example.com,2020-01-07,2020-07-04,1982-04-28
E00681,105db522-031d-4465-9946-c4cb2ff59062,Generation X (1965-1980),Nicky,Adams,GB,female,nicky.adams@example.com,2021-11-11,2023-03-29,1979-11-26
E00688,06cdf58d-254b-4898-935b-cf5fdd44f802,Millenials (1981-1996),Aicha,Moura,BR,female,aicha.moura@example.com,2022-06-06,2022-05-29,1985-03-26
E00689,c2b6d1d9-ae24-48c5-a071-da06ab5cc380,Millenials (1981-1996),Diane,Foster,GB,female,diane.foster@example.com,2023-02-16,,1987-07-07
E00693,a7709ff6-6708-41aa-bd14-de259f8e381a,Millenials (1981-1996),Marc,Graves,GB,male,marc.graves@example.com,2019-09-20,2020-01-21,1981-11-20
E00694,a342e599-fbf8-4130-b368-d94feee6fc9a,Millenials (1981-1996),Lucille,Berry,US,female,lucille.berry@example.com,2022-02-27,,1982-08-19
E00695,a279e3ad-b30d-4968-adfb-2fdc0313a73c,Millenials (1981-1996),Isabelle,Clarke,GB,female,isabelle.clarke@example.com,2021-07-29,2022-08-10,1982-01-14
E00696,caf47974-9f10-47fc-a1d3-af7f3cd06141,Millenials (1981-1996),Irene,Fetzer,DE,female,irene.fetzer@example.com,2018-06-12,,1986-10-26
E00697,ec2d7927-8fea-4a64-b2d3-457d1c094ed9,Millenials (1981-1996),Daisy,Ellis,US,female,daisy.ellis@example.com,2022-11-20,2023-02-13,1984-06-15
E00699,42ba3599-a9e5-4c3f-ae2c-e28cec7ec24d,Millenials (1981-1996),Isidro,Oliveira,BR,male,isidro.oliveira@example.com,2022-05-29,2021-11-23,1984-11-02
E00701,8231679e-12b3-423c-b945-c786bce272d1,Millenials (1981-1996),Katie,Morales,GB,female,katie.morales@example.com,2020-03-05,2020-08-08,1983-02-19
E00702,1e11212c-7ec0-4916-b489-31500916e9b3,Millenials (1981-1996),Christine,Richardson,US,female,christine.richardson@example.com,2022-08-11,,1985-07-05
E00704,c627a77d-3edc-4583-9c68-d3cad66c1c9d,Millenials (1981-1996),Taylor,Clarke,GB,male,taylor.clarke@example.com,2022-02-26,2021-07-17,1985-04-13
E00709,63f44b1a-e6c8-4b8c-b78e-b38a7fa9e8d3,Millenials (1981-1996),Josh,Armstrong,GB,male,josh.armstrong@example.com,2018-08-22,2019-09-09,1986-09-21
E00711,b6f3af8d-f408-481b-a194-f1397ccee628,Millenials (1981-1996),Ronald,Boyd,GB,male,ronald.boyd@example.com,2019-11-27,2021-05-15,1982-09-24
E00720,b0bff9a8-a4d6-4350-abd7-226f080eca22,Generation X (1965-1980),Leonard,Young,GB,male,leonard.young@example.com,2018-04-10,2019-03-06,1979-04-15
E00721,62f0c2e2-a80d-4527-9557-d7f6523e7786,Millenials (1981-1996),Raymond,Hopkins,US,male,raymond.hopkins@example.com,2019-05-10,2020-10-25,1983-05-16
E00724,dc80311a-8fdf-4dc4-8d5c-492ea6d153d2,Millenials (1981-1996),Mathew,Wade,GB,male,mathew.wade@example.com,2021-10-10,2022-06-17,1984-09-05
E00728,a7f2ebb3-17b6-4295-9bf1-6cacb0d779fd,Millenials (1981-1996),Dwayne,Wood,US,male,dwayne.wood@example.com,2023-05-22,,1985-12-29
E00729,bd1c2337-da15-43f5-ad8e-21970e4894b0,Millenials (1981-1996),Jon,Gray,GB,male,jon.gray@example.com,2022-12-27,2022-06-17,1987-09-29
E00732,33806c90-72f5-4279-b617-0fdedf2223ef,Millenials (1981-1996),Britney,Edwards,GB,female,britney.edwards@example.com,2022-09-14,,1984-09-20
E00734,5b6db5b2-1797-4e1a-b70e-e8a1e4fe00aa,Generation X (1965-1980),Lillian,Holmes,GB,female,lillian.holmes@example.com,2019-11-23,2020-08-03,1980-03-20
E00739,d705ca65-0640-41d7-9d6c-11b47663f76a,Millenials (1981-1996),Léonard,Mathieu,FR,male,leonard.mathieu@example.com,2021-07-26,2020-07-22,1982-02-09
E00741,cc4bf974-87b2-4649-9f2f-794a59a0ccc2,Millenials (1981-1996),Thomas,Bryant,GB,male,thomas.bryant@example.com,2020-02-04,2021-01-15,1983-03-05
E00742,3c4f1f64-d2e5-41fa-b003-68c9d6e14350,Millenials (1981-1996),Tracy,Harvey,GB,female,tracy.harvey@example.com,2023-04-30,,1987-02-22
E00744,aceda730-453d-4b8a-961d-9472ffa67940,Millenials (1981-1996),Michael,Palmer,US,male,michael.palmer@example.com,2022-10-10,,1985-05-25
E00747,b58af9f0-83bb-4ba6-93ce-fa6dcd7f6513,Generation X (1965-1980),Katherine,Brown,GB,female,katherine.brown@example.com,2023-02-28,,1980-10-04
E00748,94f05f23-cc8c-42d0-b38f-6febb65c49c9,Millenials (1981-1996),Holly,Terry,GB,female,holly.terry@example.com,2022-11-22,,1982-01-30
E00754,45f37973-a780-4e1d-beb4-e1277b8521cf,Millenials (1981-1996),Samuel,Alexander,GB,male,samuel.alexander@example.com,2022-11-22,,1987-03-07
E00757,2a3f3e05-50a2-430d-bec2-925abb7acf7a,Millenials (1981-1996),Ashley,Spencer,GB,female,ashley.spencer@example.com,2022-06-13,,1981-12-23
E00758,60c7a682-0c00-4b12-b8f7-bb17bddc3155,Generation X (1965-1980),Maurice,Powell,US,male,maurice.powell@example.com,2023-05-14,,1978-09-01
E00760,28f50e14-70df-440e-9501-fcdc41281215,Millenials (1981-1996),Birthe,Van Egmond,NL,female,birthe.vanegmond@example.com,2021-12-29,2021-08-21,1981-10-25
E00761,3cc9333e-adea-4c95-bddf-6f07ba415832,Millenials (1981-1996),Eleanor,Alexander,GB,female,eleanor.alexander@example.com,2023-06-06,,1983-07-20
E00762,63c97de3-8f54-4f1c-9d6c-85e32bf82c2a,Millenials (1981-1996),Floyd,Smith,US,male,floyd.smith@example.com,2023-06-20,,1984-06-10
E00763,230b7b59-8d6d-41ac-9a18-c2d65fea31c0,Millenials (1981-1996),Rebecca,Stephens,US,female,rebecca.stephens@example.com,2020-11-11,2021-07-14,1983-11-10
E00764,17fd9c12-2d37-4993-b5e6-3a8d3f4ed3ab,Generation X (1965-1980),Kristin,Morales,GB,female,kristin.morales@example.com,2020-11-25,2019-12-28,1978-12-28
E00765,2c711aa1-d7e4-490f-8883-b7e9582d684c,Generation X (1965-1980),Victoria,Dubois,FR,female,victoria.dubois@example.com,2022-09-27,2021-12-29,1980-01-14
E00770,4641cd8a-3ccf-4343-89b6-d9f7a2162679,Millenials (1981-1996),Karla,Larsen,DK,female,karla.larsen@example.com,2020-09-06,2021-09-16,1983-06-28
E00773,43447f2a-616a-4c7f-b150-0d3efdb858a3,Millenials (1981-1996),Nika,Gub'yak,UA,female,nika.gub'yak@example.com,2023-02-23,,1984-02-03
E00775,ad0788bf-a175-4f37-b3f3-268fd237eaaa,Millenials (1981-1996),Maddison,Jones,GB,female,maddison.jones@example.com,2019-05-19,2020-03-18,1988-02-17
E00784,d35aef31-9a17-4fc4-bb60-19891f188351,Millenials (1981-1996),Okan,Babaoğlu,TR,male,okan.babaoglu@example.com,2020-08-23,2022-08-13,1981-12-13
E00792,af8b5d24-8388-4bca-a188-5f8e452311f4,Millenials (1981-1996),Katherine,Hart,GB,female,katherine.hart@example.com,2022-09-03,,1981-01-18
E00798,4f8843d2-00a2-4e18-a97c-69ca6b88b526,Millenials (1981-1996),Eileen,Fowler,US,female,eileen.fowler@example.com,2019-11-10,2020-01-07,1984-10-03
E00800,678a0697-cae4-4b46-850f-ada5fe8f68f3,Millenials (1981-1996),Irânia,Sales,BR,female,irania.sales@example.com,2022-09-15,2023-01-17,1987-06-12
E00802,c4c31c44-1aa6-4d9c-8d93-4b907daa36bd,Generation X (1965-1980),Abdullahi,Husabø,NO,male,abdullahi.husabo@example.com,2022-08-29,,1979-09-05
E00804,caca7499-f6e2-495a-b6df-6621426df4aa,Millenials (1981-1996),Jennie,Burton,US,female,jennie.burton@example.com,2023-02-09,,1988-05-13
E00809,44881ee1-0a21-418e-a4fe-ba9b7780e0d9,Millenials (1981-1996),Elizabeth,Johnson,GB,female,elizabeth.johnson@example.com,2022-04-01,,1986-05-17
E00813,04b4db83-e98c-46d6-9862-3c69cd29b63e,Millenials (1981-1996),Tracy,Watkins,GB,female,tracy.watkins@example.com,2022-11-11,,1982-08-18
E00814,45d6c915-de01-4867-a93d-ab94f824ece4,Millenials (1981-1996),Sara,Stewart,GB,female,sara.stewart@example.com,2020-07-16,2020-08-11,1984-06-23
E00815,8bed2d35-1f14-428d-bac7-8ff6c985fdef,Millenials (1981-1996),Pei,Van Roosendaal,NL,female,pei.vanroosendaal@example.com,2022-06-17,2023-03-27,1987-10-27
E00817,3d17807a-db6a-493d-9296-1ad79f395369,Millenials (1981-1996),Maxwell,Burke,GB,male,maxwell.burke@example.com,2021-04-24,,1985-05-02
E00818,b29d52a7-d3c3-454a-94a2-fe219d7b454e,Generation X (1965-1980),Victoria,Mitchelle,GB,female,victoria.mitchelle@example.com,2022-05-07,2022-06-09,1978-12-26
E00819,e8c0c2f5-7772-441b-bd16-2964367257cc,Generation X (1965-1980),Johanne,Hansen,DK,female,johanne.hansen@example.com,2018-04-10,,1980-11-07
E00820,ed1354b9-ecc4-4636-968c-6a3712d513a4,Millenials (1981-1996),Lambert,Guse,DE,male,lambert.guse@example.com,2022-07-28,2021-10-26,1981-02-27
E00823,264fbce6-03c8-49fb-826d-bab4cecce3d4,Generation X (1965-1980),Edwin,Richards,US,male,edwin.richards@example.com,2022-03-01,2022-11-02,1978-05-31
E00827,dccf30a3-3984-4310-a483-ce120b991192,Generation X (1965-1980),Kimberly,Mitchelle,GB,female,kimberly.mitchelle@example.com,2021-10-28,,1978-07-17
E00836,3384f9e4-0043-42ad-8088-5dda76e215eb,Millenials (1981-1996),Clarence,Walker,IE,male,clarence.walker@example.com,2021-01-07,,1982-07-10
E00839,d63c3ec3-9bf9-49f6-a1c2-25958b5a4d7e,Millenials (1981-1996),Kent,Wood,GB,male,kent.wood@example.com,2018-12-21,2022-08-03,1983-10-06
E00842,244121b7-c6cf-4aba-9971-9ac869acd6a1,Millenials (1981-1996),Franklin,Garza,GB,male,franklin.garza@example.com,2022-11-19,2023-03-26,1987-08-30
E00844,33ce4e8c-ecb5-4a12-90ae-81bf280c4dcc,Millenials (1981-1996),Purificación,Vega,ES,female,purificacion.vega@example.com,2022-12-05,2023-01-05,1982-12-20
E00845,2e94cfc4-8d23-4981-ae94-2bab2a33293c,Millenials (1981-1996),Reginald,Graham,GB,male,reginald.graham@example.com,2023-06-10,,1983-02-07
E00847,e4e042e2-a382-400c-b06a-6ddb25d103b6,Millenials (1981-1996),Ron,Jennings,GB,male,ron.jennings@example.com,2022-10-28,,1983-12-16
E00856,dffa5e7e-70d9-4d8d-a04f-e96f62b3a576,Millenials (1981-1996),Harold,Elliott,GB,male,harold.elliott@example.com,2023-04-25,,1981-04-09
E00857,5a0e911d-8e22-4e77-a26d-16c91a1c8c87,Generation X (1965-1980),Diane,Hunter,US,female,diane.hunter@example.com,2023-05-21,,1979-01-29
E00858,a84531d4-721e-453d-b4b3-53abfa965a36,Millenials (1981-1996),Hanna,Day,GB,female,hanna.day@example.com,2021-04-29,2020-11-21,1983-12-21
E00862,d6bad35b-0d91-4b72-b48f-e9de26a1d403,Generation X (1965-1980),Angela,Oliver,GB,female,angela.oliver@example.com,2022-11-11,2023-04-18,1980-08-23
E00863,afa0cb22-5e7b-4fbb-b231-b3a1c75d4804,Millenials (1981-1996),Brad,Watson,GB,male,brad.watson@example.com,2022-04-18,,1983-10-19
E00865,48d0f3f6-6a02-4881-86be-a7ac7df3436d,Generation X (1965-1980),Sheryl,Steward,GB,female,sheryl.steward@example.com,2023-06-26,,1979-11-12
E00867,a49de7a2-4ca1-4af4-b791-cfbfc2c23288,Generation X (1965-1980),Lucy,Meyer,GB,female,lucy.meyer@example.com,2021-03-21,,1978-10-03
E00868,d09e1650-fc70-48c3-b732-ed474f0d7373,Generation X (1965-1980),Virgil,Medina,US,male,virgil.medina@example.com,2020-01-29,2023-05-13,1969-04-21
E00869,b4965ccc-f7ea-4e9a-8e9c-31cacf101d5d,Generation X (1965-1980),Byron,Gilbert,GB,male,byron.gilbert@example.com,2022-05-28,2023-01-31,1973-11-18
E00870,05a45fd6-788b-45f4-8420-6658348f49ba,Generation X (1965-1980),Chloe,Bennett,GB,female,chloe.bennett@example.com,2022-05-05,2023-04-12,1976-04-16
E00872,dfb75e30-e218-4919-a93e-396d60f3d97e,Generation X (1965-1980),Louis,Welch,GB,male,louis.welch@example.com,2019-11-19,,1972-10-08
E00886,461887b4-141e-4688-84af-522b21a141b2,Generation X (1965-1980),Ceyhun,Demirel,TR,male,ceyhun.demirel@example.com,2021-05-23,2022-01-23,1969-06-25
E00892,55de647d-5cc0-4ec4-a545-0837261e0411,Generation X (1965-1980),Kelly,Morales,GB,female,kelly.morales@example.com,2021-08-26,2023-01-20,1970-12-24
E00900,8043be1e-f7a6-465d-becc-22b8301315bc,Generation X (1965-1980),Mark,Simpson,GB,male,mark.simpson@example.com,2023-03-04,,1969-06-23
E00903,b845ff66-0107-4ca0-a8c7-87d48573d0d1,Generation X (1965-1980),Lily,Hoffman,GB,female,lily.hoffman@example.com,2022-06-11,,1973-06-29
E00904,6109518d-6cbb-4ea9-8ba9-4bea940ec2dd,Generation X (1965-1980),Edna,Morgan,US,female,edna.morgan@example.com,2022-12-27,2022-05-19,1975-03-19
E00906,b52778da-e8aa-43a7-b988-b5c64c25a7bc,Generation X (1965-1980),Darlene,Jimenez,US,female,darlene.jimenez@example.com,2021-12-12,2022-09-20,1972-08-01
E00907,157b97c4-504f-4c3c-83b5-5b2e8f9edca3,Generation X (1965-1980),Fedora,Tretyaki,UA,female,fedora.tretyaki@example.com,2022-01-26,2022-06-09,1975-04-24
E00908,d15117ce-2be3-4b14-8a89-4c539bf1d93f,Generation X (1965-1980),Barb,Kim,GB,female,barb.kim@example.com,2021-02-05,2021-06-04,1969-11-19
E00910,835b275b-6e3d-4807-8991-9c3c97885c2a,Generation X (1965-1980),Sophie,Sanders,GB,female,sophie.sanders@example.com,2022-01-27,2023-03-30,1977-11-06
E00912,5a76e1b2-1fc6-4ed7-9c80-8df2764e9ecb,Generation X (1965-1980),Wade,Wells,GB,male,wade.wells@example.com,2023-06-16,,1976-04-18
E00915,0733d491-d8ab-452d-a054-6ce68369f46a,Generation X (1965-1980),Gavin,Walters,GB,male,gavin.walters@example.com,2023-03-16,,1972-03-21
E00919,2ca6d915-70a7-4bd3-8ee8-3747ab77dc5f,Generation X (1965-1980),Martha,Boyd,GB,female,martha.boyd@example.com,2022-02-28,2022-04-26,1975-06-19
E00922,04eb30bc-42d7-4f5d-a26b-0af211b5691e,Generation X (1965-1980),Kelly,Burton,GB,male,kelly.burton@example.com,2018-08-11,,1977-06-01
E00928,553376fc-3745-4c3e-98d0-27154f4ac8ae,Generation X (1965-1980),Reiner,Adolph,DE,male,reiner.adolph@example.com,2022-08-16,2023-02-03,1971-11-21
E00932,aaa9e773-ed79-40f1-a364-c32b48d65a05,Generation X (1965-1980),Lorena,Robin,CH,female,lorena.robin@example.com,2023-01-10,2023-03-24,1973-12-24
E00933,68f6d24d-a405-4cfa-92bd-e65fdd740569,Generation X (1965-1980),Philip,King,US,male,philip.king@example.com,2020-05-15,,1977-07-11
E00935,9fcea076-df13-4d89-8580-159178702248,Generation X (1965-1980),Brennan,Turner,GB,male,brennan.turner@example.com,2023-05-01,,1969-05-26
E00936,09fef864-5eba-4410-bdff-6678212f8bf5,Generation X (1965-1980),Chester,Stephens,GB,male,chester.stephens@example.com,2019-09-25,,1975-01-08
E00938,3c347c10-fa48-4142-8713-75a7ffd81118,Generation X (1965-1980),Daniel,Marshall,GB,male,daniel.marshall@example.com,2020-11-10,2021-04-04,1973-10-11
E00939,f799ab3c-7b3b-458f-bc62-d24f4269b967,Generation X (1965-1980),Jordan,Tucker,GB,male,jordan.tucker@example.com,2019-10-28,2019-01-25,1972-03-15
E00940,6e1fe8b6-be1c-4359-94f6-277adee464b6,Generation X (1965-1980),Masako,Ishihara,GB,female,Masako.Ishihara@example.com,2020-10-13,2023-04-25,1974-12-14
E00945,29d3f2a9-8aa7-4e78-a747-2c66fdd73147,Generation X (1965-1980),Grace,Spencer,GB,female,grace.spencer@example.com,2021-09-07,2021-11-20,1972-02-22
E00948,5070a885-ed1e-4064-ba72-83eb0585043d,Generation X (1965-1980),Zack,Rodriquez,US,male,zack.rodriquez@example.com,2022-11-22,2022-12-07,1977-09-22
E00950,834f1010-b8eb-4d79-a232-4c43ca585401,Generation X (1965-1980),Jason,Johnson,GB,male,jason.johnson@example.com,2023-06-09,,1973-10-18
E00953,d67b0497-7d52-42ad-920e-b759139130a0,Generation X (1965-1980),Christina,Steward,US,female,christina.steward@example.com,2023-05-19,2023-06-26,1972-08-18
E00955,0265d16f-d55f-429f-b57b-a44fc4c9265d,Generation X (1965-1980),Tomothy,Foster,GB,male,tomothy.foster@example.com,2022-01-31,2023-01-15,1969-11-02
E00956,93e2374c-533e-4b57-9fe2-b6a2db64cbc8,Generation X (1965-1980),Ian,Johnson,GB,male,ian.johnson@example.com,2022-01-13,2022-05-01,1972-09-17
E00959,3b95f5a8-bc76-49bc-8017-a9c12f4e44d4,Generation X (1965-1980),Daniel,Banks,US,male,daniel.banks@example.com,2023-06-22,,1973-07-21
E00960,571bb2e9-7d7a-498f-b8ce-e0f1fcee62dd,Generation X (1965-1980),Alex,Davies,NZ,male,alex.davies@example.com,2023-06-07,2023-05-26,1969-08-16
E00965,b21406f2-2cd4-479c-85da-326eecd9983e,Generation X (1965-1980),Alwine,Seeger,DE,female,alwine.seeger@example.com,2022-02-26,,1978-01-03
E00966,d6d3b31c-37ae-46d9-b5f7-257fb2691b33,Generation X (1965-1980),Rosie,Jensen,GB,female,rosie.jensen@example.com,2021-08-04,,1976-05-21
E00967,6f2b35f5-3aa5-4cda-8726-24f8b634e088,Generation X (1965-1980),Wyatt,Taylor,US,male,wyatt.taylor@example.com,2018-09-21,,1975-06-10
E00975,da2a0b79-4deb-4c53-a5f7-3ed95ffbb5b4,Generation X (1965-1980),Cherly,Woods,US,female,cherly.woods@example.com,2022-11-27,2023-04-29,1975-01-13
E00976,24fad9ef-efb4-4623-b8e4-c3ad110ad868,Generation X (1965-1980),John,Rodriguez,US,male,john.rodriguez@example.com,2019-11-30,2020-07-14,1972-06-14
E00978,ed716cf3-f0dd-44ae-befa-c59de0270b3e,Generation X (1965-1980),Susan,Carlson,GB,female,susan.carlson@example.com,2023-03-18,,1978-03-07
E00980,191bf9d7-c63d-4ab4-9e4f-24247a43f502,Generation X (1965-1980),Michelle,Hoffman,GB,female,michelle.hoffman@example.com,2023-04-09,2023-06-17,1976-06-23
E00982,443f9618-8528-4c5a-9519-fbf7d201a400,Generation X (1965-1980),Mir,Senchenko,UA,male,mir.senchenko@example.com,2023-04-03,,1973-05-31
E00984,6bbc2367-3a20-4518-b964-848dc1c41d0c,Generation X (1965-1980),Duane,Moreno,US,male,duane.moreno@example.com,2022-04-29,2023-01-21,1974-03-14
E00987,8a335eb6-ad28-438e-9289-94539c70ee91,Generation X (1965-1980),Minttu,Keto,FI,female,minttu.keto@example.com,2022-11-14,2023-01-30,1968-11-09
E00988,77adfe90-e06b-4594-b303-1a0338967c90,Generation X (1965-1980),Peter,Mitchell,US,male,peter.mitchell@example.com,2021-05-26,2021-10-03,1974-05-14
E00992,930335f1-dcf5-40dd-b700-6ffb1dabc3bb,Generation X (1965-1980),Travis,Willis,GB,male,travis.willis@example.com,2020-08-19,,1970-06-02
E00997,e1206423-46a7-4904-b26a-2a39ea8f7ecd,Generation X (1965-1980),Rodney,Wade,GB,male,rodney.wade@example.com,2018-11-11,,1976-11-23
E01002,78ad57ec-6f0e-4857-8783-0f2cb3be7154,Generation X (1965-1980),Mae,Lucas,FR,male,mae.lucas@example.com,2023-03-31,,1975-07-09
E01005,032a913a-633d-4cfb-a723-65c22957e7de,Generation X (1965-1980),Kristin,Andrews,GB,female,kristin.andrews@example.com,2019-12-23,2021-08-01,1977-12-19
E01006,0ee85f83-0863-4c06-9f0f-29850b4058f6,Generation X (1965-1980),Dale,Medina,US,male,dale.medina@example.com,2019-03-01,2020-11-18,1973-12-09
E01012,9d871514-e352-47b4-8238-6fceb2be81d1,Generation X (1965-1980),Marisela,Casanova,MX,female,marisela.casanova@example.com,2021-07-15,2022-01-05,1975-04-30
E01013,268abb3d-e736-4415-98b1-c7dff6a080ec,Generation X (1965-1980),Stella,Senishin,UA,female,stella.senishin@example.com,2023-05-01,,1975-09-28
E01016,18807f16-51f7-4d3f-8ef3-e7a4d2235eff,Generation X (1965-1980),Flenn,Dixon,US,male,flenn.dixon@example.com,2023-05-02,,1969-09-25
E01017,6daf0016-65ee-498d-b70b-11b825123d6b,Generation X (1965-1980),Carl,Gilbert,IE,male,carl.gilbert@example.com,2023-05-05,,1975-06-27
E01019,610e54cf-ea87-4900-81ce-d7c67db059a0,Generation X (1965-1980),Bartholomäus,Heigl,DE,male,bartholomaus.heigl@example.com,2022-08-10,,1969-05-22
E01024,a129f770-ea7e-47aa-b561-818a9331883b,Generation X (1965-1980),Lance,Alvarez,US,male,lance.alvarez@example.com,2018-04-26,,1974-08-14
E01032,cb422e90-0e04-43ec-8fdf-26c3c9981a79,Generation X (1965-1980),Philip,Fleming,US,male,philip.fleming@example.com,2022-09-20,,1973-03-26
E01037,a8f0aa96-cf3c-4ad4-a580-51cb5c4dde53,Generation X (1965-1980),Peggy,Powell,US,female,peggy.powell@example.com,2018-07-20,2019-06-08,1972-11-11
E01042,b2a68e80-9cfc-40bc-986a-2579ebb549da,Generation X (1965-1980),Lucas,Bryant,GB,male,lucas.bryant@example.com,2022-03-10,2023-03-11,1969-04-30
E01043,ea005c4d-3315-402e-b5b3-2adb6200bbe5,Generation X (1965-1980),Sheryl,Carter,GB,female,sheryl.carter@example.com,2020-04-22,,1975-01-17
E01049,246ee874-44f1-48e9-a0ef-929d72b2cb95,Generation X (1965-1980),Susie,Webb,GB,female,susie.webb@example.com,2021-11-07,2022-05-20,1974-04-30
E01050,86289266-7d66-471f-a4e9-a408034fee3b,Generation X (1965-1980),David,Mančić,RS,male,david.mancic@example.com,2021-12-20,,1974-07-21
E01052,2962b5b0-0edc-49be-a926-f97755919e5d,Generation X (1965-1980),Dan,Garcia,GB,male,dan.garcia@example.com,2021-11-23,,1971-03-26
E01053,bcdc3569-d8c2-46ab-9de0-36f79237e22d,Generation X (1965-1980),Mirja,Möbius,DE,female,mirja.mobius@example.com,2021-11-01,,1969-04-01
E01055,dfd97846-6fd9-4fe0-abc5-62e5a228746a,Generation X (1965-1980),Rose,Cunningham,GB,female,rose.cunningham@example.com,2020-12-06,2020-12-29,1968-08-06
E01056,4cd4a6f9-ea7d-4793-9afd-56afed0070a2,Generation X (1965-1980),Suzanna,Jordan,GB,female,suzanna.jordan@example.com,2023-05-11,,1972-06-16
E01058,d5238aba-019b-4d3c-9fc5-df736bd81825,Generation X (1965-1980),Connor,Harris,GB,male,connor.harris@example.com,2023-03-22,2023-06-17,1969-12-23
E01064,c27db184-8615-44a6-ada7-f75d6fa7c67a,Generation X (1965-1980),Emily,Fleming,GB,female,emily.fleming@example.com,2022-11-08,2023-04-16,1974-12-03
E01065,b49981cc-6a9d-415d-8add-aa5396c0d7ee,Generation X (1965-1980),Nelly,Engen,NO,female,nelly.engen@example.com,2022-04-26,,1976-06-24
E01077,7e04e2e7-2753-4264-afde-a6b09a2d449f,Generation X (1965-1980),Swathi,Thampy,IN,female,swathi.thampy@example.com,2021-06-05,2021-05-28,1973-04-20
E01079,ffec39fc-886d-4e95-a4a0-23df93134fd3,Generation X (1965-1980),Erik,Barnes,US,male,erik.barnes@example.com,2023-05-09,,1970-12-21
E01080,24edd217-a2e8-4db4-b3e3-2f82249eb676,Generation X (1965-1980),Erika,Stevens,US,female,erika.stevens@example.com,2019-05-14,2019-09-06,1968-10-28
E01081,38a23a40-0268-47f5-81e9-ca7e353e9e79,Generation X (1965-1980),Lily,Ward,GB,female,lily.ward@example.com,2021-04-25,2021-08-13,1970-02-12
E01084,f3540d7d-963a-4bf7-aa52-5a257a94060b,Generation X (1965-1980),Jake,Hernandez,GB,male,jake.hernandez@example.com,2020-10-06,,1968-08-04
E01085,49e141f2-af1f-43da-96f3-e69de8ec9458,Generation X (1965-1980),Peyton,Day,US,female,peyton.day@example.com,2022-10-14,,1972-01-09
E01087,a933aed1-dd77-4ef3-a65c-1d08ac10ea6b,Generation X (1965-1980),Diana,Steward,GB,female,diana.steward@example.com,2021-06-05,,1970-07-20
E01091,2cb9bff2-b2d5-48fc-92b5-bb6931c8553f,Generation X (1965-1980),Florence,Freeman,US,female,florence.freeman@example.com,2022-03-12,,1973-03-30
E01092,4319e9e2-4e3c-4670-bdd2-a68fb3a11ecc,Generation X (1965-1980),Eva,Bryant,GB,female,eva.bryant@example.com,2022-02-20,2022-10-06,1975-07-05
E01094,c442e840-f1fe-4be0-aa10-490dc63773c6,Generation X (1965-1980),Thomas,Mitchelle,GB,male,thomas.mitchelle@example.com,2022-02-06,,1968-06-02
E01096,5c94d7fb-6656-4334-96c3-2dec310f8180,Generation X (1965-1980),Olivia,Wang,NZ,female,olivia.wang@example.com,2020-01-07,2020-09-17,1970-02-16
E01097,593acb49-018a-4e24-94d7-243bee496e4a,Generation X (1965-1980),Martha,Hall,US,female,martha.hall@example.com,2022-06-28,,1975-08-16
E01098,37e5bf10-1fe8-4624-85e5-806bf2275f08,Generation X (1965-1980),Andrea,Cavazos,MX,female,andrea.cavazos@example.com,2020-01-26,2021-04-21,1971-06-23
E01102,a122ee0a-46d2-47ce-8082-262ec553d1be,Generation X (1965-1980),Lydia,Bryant,US,female,lydia.bryant@example.com,2022-06-28,2022-07-01,1976-07-29
E01104,75ab809f-0da1-414e-8566-3a81c37ab0d4,Generation X (1965-1980),Falan,Prabhakaran,IN,male,falan.prabhakaran@example.com,2021-07-19,,1977-11-15
E01105,4db61ea9-3c48-48e0-8f02-e006c2698bc8,Generation X (1965-1980),Emilia,Lampinen,FI,female,emilia.lampinen@example.com,2021-10-28,2021-01-30,1970-01-16
E01106,41d575d6-665e-4f15-8117-0dcbe18d20e4,Generation X (1965-1980),Arron,Neal,GB,male,arron.neal@example.com,2022-02-07,2022-09-08,1968-09-27
E01107,0cd88ef3-1ade-41f8-8c75-f1536e1ee2c5,Generation X (1965-1980),Katherine,Lawson,GB,female,katherine.lawson@example.com,2022-05-25,,1974-06-10
E01108,80788ee7-10a5-4a03-8ceb-6a3dd2cb9021,Generation X (1965-1980),Jeanne,Howard,US,female,jeanne.howard@example.com,2022-04-15,,1977-09-21
E01110,7df5a2c1-0848-4781-bc26-d87f143455c4,Generation X (1965-1980),Svyatogora,Gudziy,UA,female,svyatogora.gudziy@example.com,2018-11-05,,1977-05-31
E01112,6dd340d5-b256-4686-8c6a-ca96346d931f,Generation X (1965-1980),Gary,Meyer,GB,male,gary.meyer@example.com,2023-03-06,,1970-09-29
E01113,c779f05d-a4e4-4289-9bb8-f97496c48226,Generation X (1965-1980),Chris,Elliott,US,male,chris.elliott@example.com,2022-07-17,,1971-02-24
E01116,25792680-eaaa-4148-b7a2-3c3be9770e59,Generation X (1965-1980),Tristan,Madsen,DK,male,tristan.madsen@example.com,2023-06-04,,1973-06-06
E01118,2cdaa727-8a2c-473b-bef7-a999c64fc988,Generation X (1965-1980),Deborah,Howard,GB,female,deborah.howard@example.com,2022-06-05,2022-08-01,1972-04-02
E01122,d4cc6d38-b37b-4fb4-a677-f4baa3195d2f,Generation X (1965-1980),Aleksej,Zelenović,RS,male,aleksej.zelenovic@example.com,2022-09-11,,1975-12-29
E01123,cc166be3-4e9d-498c-b4f6-3c770c3802a8,Generation X (1965-1980),Vernon,Ferguson,GB,male,vernon.ferguson@example.com,2019-06-24,2023-01-10,1972-06-07
E01127,92c14e88-8e3b-40ee-a872-de693a5adf17,Generation X (1965-1980),Joshua,Bailey,GB,male,joshua.bailey@example.com,2022-02-06,2023-02-17,1965-02-14
E01129,cfc641bc-a7e7-49f1-bf70-9f49d7aa082c,Baby Boomers (1946-1964),Richard,Porter,GB,male,richard.porter@example.com,2023-03-25,,1960-08-20
E01139,5a5bb7eb-9ba1-45e4-9961-4b4cbd11acbd,Baby Boomers (1946-1964),Phoebe,Bryant,GB,female,phoebe.bryant@example.com,2023-06-15,,1964-07-06
E01140,507419ca-76b6-4e96-b649-b3634b54551c,Generation X (1965-1980),Norman,Carpenter,US,male,norman.carpenter@example.com,2023-04-25,,1966-11-01
E01141,edd1549c-b634-4b80-9ee2-8c7fcbf1fea7,Baby Boomers (1946-1964),Avery,Ellis,GB,female,avery.ellis@example.com,2019-02-21,2020-11-07,1961-03-09
E01147,d3110f1f-97a7-41d8-bc0e-ebf55d283bb5,Generation X (1965-1980),Julia,Payne,GB,female,julia.payne@example.com,2022-06-24,2022-12-17,1966-08-03
E01151,ac493e2b-56fd-4180-a301-88ad7676a42e,Baby Boomers (1946-1964),Norman,Howard,GB,male,norman.howard@example.com,2023-03-31,2023-06-21,1960-11-14
E01152,9b3751cb-3cfa-475b-952a-2401acd45be6,Generation X (1965-1980),Brittany,Woods,GB,female,brittany.woods@example.com,2023-05-30,2023-06-19,1966-10-28
E01154,0a29f7ca-7bb5-423f-a2ba-7749ea3300ce,Baby Boomers (1946-1964),Rachel,Wagner,GB,female,rachel.wagner@example.com,2020-09-05,,1963-07-15
E01156,9be5678c-ef83-448f-88bf-8cd37023948d,Generation X (1965-1980),Tracy,Anderson,GB,female,tracy.anderson@example.com,2019-11-25,2019-12-01,1966-03-30
E01157,dc5e8fc9-d67b-4692-a148-d3664b69f824,Generation X (1965-1980),Volkan,Erçetin,TR,male,volkan.ercetin@example.com,2022-01-01,,1965-01-14
E01163,ce783dd9-53a8-496c-8d01-c237f1c712ac,Generation X (1965-1980),Erik,White,US,male,erik.white@example.com,2022-09-16,,1966-12-16
E01164,6d061f2e-d899-4500-b834-696beb986164,Generation X (1965-1980),Carl,Andersen,DK,male,carl.andersen@example.com,2021-09-26,,1968-04-02
E01167,0cd856ec-6147-4ea1-8f9c-d51e9d65185d,Baby Boomers (1946-1964),Ron,Meyer,US,male,ron.meyer@example.com,2018-08-14,2023-03-29,1962-03-28
E01171,04d215b6-7f4c-4138-8311-1277abdeae0f,Baby Boomers (1946-1964),Brennan,Clarke,GB,male,brennan.clarke@example.com,2022-08-06,2022-09-27,1962-09-19
E01174,7c215a11-c9e6-467c-893b-2d17f4c8eefd,Baby Boomers (1946-1964),Erin,Bates,GB,female,erin.bates@example.com,2021-07-31,2022-12-06,1960-08-05
E01177,ceaa511e-3f66-4751-ab5c-3c86ab79dcaa,Baby Boomers (1946-1964),Amanda,Henríquez,MX,female,amanda.henriquez@example.com,2020-11-18,,1960-12-12
E01178,946d8218-3083-4bae-acc8-d33f78d41a08,Baby Boomers (1946-1964),Juan,Montgomery,GB,male,juan.montgomery@example.com,2019-11-09,2020-09-24,1963-09-11
E01179,8cfdd43b-4106-4e1a-a364-89ea53377f91,Baby Boomers (1946-1964),Rosemary,Gray,AU,female,rosemary.gray@example.com,2020-12-17,2021-02-17,1964-03-25
E01181,9613d134-7612-412c-9dcc-14642779ffcc,Baby Boomers (1946-1964),Elaine,Watson,US,female,elaine.watson@example.com,2019-11-02,2021-12-01,1960-08-21
E01184,eb44aebf-7dd5-45ee-aa72-1b3aff29f463,Generation X (1965-1980),Marvin,Collins,US,male,marvin.collins@example.com,2020-10-06,2022-03-23,1967-07-17
E01187,3aaeeb4f-9872-4c99-854f-e4db2e255e9a,Generation X (1965-1980),Kaitlin,Willis,GB,female,kaitlin.willis@example.com,2018-08-18,2021-02-13,1967-04-01
E01190,58caf57d-c050-4ade-9ae0-ed4386421b07,Baby Boomers (1946-1964),Kathryn,Reid,US,female,kathryn.reid@example.com,2021-07-24,,1962-09-22
E01191,d66e22c6-2ddb-4dc6-a6ff-87f6108108b8,Generation X (1965-1980),Amy,Oliver,GB,female,amy.oliver@example.com,2022-03-18,,1965-10-09
E01199,41d6c566-f8ff-46e8-ba06-d4ccce655aaf,Baby Boomers (1946-1964),Dolores,Velasco,ES,female,dolores.velasco@example.com,2023-05-11,,1958-06-30
E01201,a7fd2b54-a5e1-46c6-8751-b3a6bfc9bd97,Generation X (1965-1980),Maya,Harper,GB,female,maya.harper@example.com,2022-03-07,,1965-12-16
E01202,2d453beb-5c77-4ff6-bbd1-d4ba1a58d896,Generation X (1965-1980),Richard,Watson,GB,male,richard.watson@example.com,2023-05-14,,1965-04-27
E01204,779a7fbc-6771-4c35-acb5-e581a3797156,Baby Boomers (1946-1964),Francisco,Stevens,US,male,francisco.stevens@example.com,2021-06-14,2022-07-01,1962-03-23
E01205,018b9e7b-8a49-46f9-ae7c-2519bc86ac10,Generation X (1965-1980),Maeva,Ross,CA,female,maeva.ross@example.com,2021-01-22,2021-12-09,1965-01-08
E01212,204d97d5-80c5-4a51-8d89-a6d06dd8682e,Baby Boomers (1946-1964),Wilmer,Fjellestad,NO,male,wilmer.fjellestad@example.com,2020-04-27,2019-08-19,1962-02-15
E01215,798a34bb-3074-4c0c-9075-8ec55a46ae5e,Baby Boomers (1946-1964),Sarah,Alvarez,GB,female,sarah.alvarez@example.com,2022-07-29,,1962-01-03
E01216,33c50db6-048a-46a8-b6c5-667e39d29be5,Baby Boomers (1946-1964),Alice,Dixon,GB,female,alice.dixon@example.com,2019-11-06,,1963-08-09
E01218,5e2d8a3d-34d4-4c12-84f1-3c882e377e91,Baby Boomers (1946-1964),Dhanush,Pai,IN,male,dhanush.pai@example.com,2022-11-06,2022-10-31,1963-08-21
E01219,32a83276-1825-4684-aa13-83b0d5855e0f,Generation X (1965-1980),Hristina,Fedorishin,UA,female,hristina.fedorishin@example.com,2023-06-12,,1966-05-09
E01220,0aa8d755-9af3-494a-99ca-d66b3d46e8d3,Generation X (1965-1980),Beverly,Jacobs,US,female,beverly.jacobs@example.com,2022-08-21,2022-09-16,1967-03-29
E01224,118f6ddc-f9f6-4b41-9d01-494403ced978,Baby Boomers (1946-1964),Brittany,Ramirez,GB,female,brittany.ramirez@example.com,2022-03-10,,1963-04-09
E01226,41ee1c54-52ce-4cce-8165-cf55a6a995ef,Baby Boomers (1946-1964),Debbie,Gomez,GB,female,debbie.gomez@example.com,2021-11-13,,1961-12-22
E01228,a70c9975-f4b8-444d-a15a-b0c8cefb2c4f,Baby Boomers (1946-1964),Ruben,Soto,GB,male,ruben.soto@example.com,2023-04-27,,1960-01-08
E01230,1aa5cd2c-f8ba-42de-81b7-e00f0db7dd3a,Not Provided,Susan,Mills,GB,female,susan.mills@example.com,2020-10-13,2021-05-30,
E01233,2e6a80f3-4653-4a2a-a995-81abcad9f79e,Baby Boomers (1946-1964),Ratna,Petit,NL,female,ratna.petit@example.com,2019-11-02,2022-07-28,1960-01-12
E01237,cb2fad4e-83a6-451e-aaec-4fb1c13f6a06,Baby Boomers (1946-1964),Suzy,Obrien,GB,female,suzy.obrien@example.com,2023-03-05,2023-02-28,1958-10-13
E01242,77328826-cdf0-40e2-b3a1-4793508d7453,Generation X (1965-1980),Hanna,Graves,GB,female,hanna.graves@example.com,2022-08-01,,1965-10-13
E01243,30605230-7200-41e2-bb6b-44fa323c2c26,Baby Boomers (1946-1964),Andre,Hernandez,GB,male,andre.hernandez@example.com,2022-05-16,,1960-07-29
E01245,b7507c7b-e4b6-451e-b41a-46c7720e2387,Baby Boomers (1946-1964),Jon,Clarke,GB,male,jon.clarke@example.com,2022-07-01,,1963-12-06
E01254,69966b99-10b4-4868-8603-356291502c3a,Generation X (1965-1980),Kyle,Smith,GB,male,kyle.smith@example.com,2019-11-04,2020-02-05,1967-04-18
E01257,dca3c562-1372-4428-8ed3-3e891411891d,Baby Boomers (1946-1964),Kaitlin,Bryant,GB,female,kaitlin.bryant@example.com,2021-06-26,,1962-12-15
E01259,aea677b0-793a-41c9-85c2-984b7aa0fae0,Baby Boomers (1946-1964),Živko,Jović,RS,male,zivko.jovic@example.com,2023-04-19,,1964-07-11
E01260,bf7aec66-5de6-474f-a078-46937ea52b60,Generation X (1965-1980),Jake,Schmidt,GB,male,jake.schmidt@example.com,2021-01-24,2021-10-06,1966-05-09
E01261,be04a14f-8613-451a-ab5d-a9cc15d33135,Not Provided,Joel,Walli,FI,male,joel.walli@example.com,2022-02-26,,
E01263,439f9eeb-042c-46f4-85ec-ab7292874e1a,Generation X (1965-1980),Darrell,Jennings,GB,male,darrell.jennings@example.com,2022-06-07,2022-08-19,1967-08-14
E01264,59077e1e-1a93-4b18-9af6-a19331abf251,Generation X (1965-1980),Derek,Moreno,GB,male,derek.moreno@example.com,2023-06-18,,1967-12-13
E01265,3467bed0-c143-4c88-8b18-c58ce8a709a7,Generation X (1965-1980),Kim,Peterson,GB,female,kim.peterson@example.com,2023-03-06,2023-02-25,1965-02-03
E01267,1d39129a-cee6-4a20-b556-91c9ddfd31de,Generation X (1965-1980),Maria,Walker,GB,female,maria.walker@example.com,2022-10-04,2022-09-28,1966-05-14
E01277,facccbb3-ec7d-4956-b475-1ee7f7f90aa9,Generation X (1965-1980),Myron,Van 't Zelfde,NL,male,myron.van'tzelfde@example.com,2022-12-26,2022-03-26,1966-12-23
E01279,e5913a1e-6338-4bfc-addf-996bebf636c8,Baby Boomers (1946-1964),Lili,Schuck,DE,female,lili.schuck@example.com,2019-05-14,2022-02-26,1962-02-22
E01280,e82034ae-f383-485f-a73d-2b452734c50e,Baby Boomers (1946-1964),Tim,Thomas,GB,male,tim.thomas@example.com,2023-01-24,2022-02-27,1959-12-02
E01281,a79168de-2174-49e8-9eb2-cab264966fc2,Generation X (1965-1980),Rebecca,Olson,GB,female,rebecca.olson@example.com,2020-10-20,2022-07-18,1967-09-09
E01283,bd6ee73b-ae1d-4318-ad79-4a7f427325b4,Baby Boomers (1946-1964),Gina,Jacobs,US,female,gina.jacobs@example.com,2021-05-28,2021-06-15,1963-10-23
E01285,ce8775c4-5f0e-462c-b779-41e40433b032,Baby Boomers (1946-1964),Aiden,Bennett,GB,male,aiden.bennett@example.com,2020-09-21,2021-03-16,1963-08-15
E01286,ba14ff0e-9df7-448c-9faf-4f3857d5fb76,Baby Boomers (1946-1964),Emily,Garcia,GB,female,emily.garcia@example.com,2022-04-01,,1958-11-28
E01291,4d5ff8a9-2ef0-4d32-8a18-32ba86cd58f0,Generation X (1965-1980),Grace,Mcguinness,IE,female,grace.mcguinness@example.com,2021-10-06,,1965-12-16
E01293,ea6e5cec-ed04-4dfc-8c60-efb3f0061962,Generation X (1965-1980),Clementina,Novaes,BR,female,clementina.novaes@example.com,2023-03-17,,1965-10-17
E01294,49b4953b-84b3-431e-a86d-fc8638f7c471,Baby Boomers (1946-1964),Diane,Ward,GB,female,diane.ward@example.com,2020-03-31,2020-04-15,1960-04-19
E01296,68d0d505-bc59-41fa-bb71-54dc10335782,Generation X (1965-1980),Peng,Tao,GB,male,Peng.Tao@example.com,2021-08-05,2022-10-07,1966-05-27
E01297,47d2d98e-e1f7-4f9d-a4ac-780f0e79d3f2,Generation X (1965-1980),Donna,Grant,GB,female,donna.grant@example.com,2022-05-28,2023-01-03,1966-07-24
E01298,04ed144a-a9eb-4f61-ba06-4716aff6c962,Baby Boomers (1946-1964),Mary,Davies,IE,female,mary.davies@example.com,2023-03-12,,1963-09-30
E01299,595c8038-2787-4eb8-9d7c-926977a3f194,Baby Boomers (1946-1964),Nemanja,Rakić,RS,male,nemanja.rakic@example.com,2022-12-06,2022-11-24,1963-07-29
E01302,bc71fa3a-04e9-40a3-8a1a-20a63300a47d,Generation X (1965-1980),Rodney,Elliott,GB,male,rodney.elliott@example.com,2023-03-14,,1965-01-02
E01304,0dfe1639-7a3b-4433-96b3-10b85dee4b70,Baby Boomers (1946-1964),Joseph,White,GB,male,joseph.white@example.com,2022-05-05,,1961-05-04
E01309,79a5f1ae-b21f-4d11-af03-a9de583ab607,Generation X (1965-1980),Mia,Mckinney,US,female,mia.mckinney@example.com,2023-05-01,2023-04-27,1967-08-22
E01310,9c2a2596-51db-444c-9f68-73f4a7b5d966,Generation X (1965-1980),Bernard,Porter,GB,male,bernard.porter@example.com,2023-05-04,,1965-07-29
E01316,39ae92aa-a57e-490e-ae6b-1af76786a37f,Baby Boomers (1946-1964),Donald,Jones,GB,male,donald.jones@example.com,2021-11-18,,1959-08-12
E01321,7cd3edb4-f74f-4fc5-a5cf-4d8c0b4e8e2b,Generation X (1965-1980),Johnny,Hamilton,IE,male,johnny.hamilton@example.com,2021-01-19,2023-01-21,1965-11-05
E01327,9760eaf4-0408-4ca2-9107-cbdeb4d72a7f,Generation X (1965-1980),Alexandra,Sanders,GB,female,alexandra.sanders@example.com,2023-05-10,,1965-09-29
E01332,e0bf2df0-c34c-4b52-92bb-c51fa0540f0d,Baby Boomers (1946-1964),Nathan,Hanson,US,male,nathan.hanson@example.com,2021-12-27,2023-04-15,1959-04-01
E01335,36a2c1a6-a779-4b96-a4fc-bd015b0f1af5,Baby Boomers (1946-1964),Francisco,Edwards,GB,male,francisco.edwards@example.com,2022-08-03,2022-10-12,1958-09-03
E01337,d7548a9f-abde-498f-8748-38fb922f20c5,Baby Boomers (1946-1964),Milton,Jensen,GB,male,milton.jensen@example.com,2021-08-22,2022-01-10,1960-07-05
E01338,1b063ce5-10e5-4d6e-92ae-ac44acdddb9b,Baby Boomers (1946-1964),Nellie,Romero,US,female,nellie.romero@example.com,2019-05-21,2020-01-26,1964-01-08
E01339,4dae4bb7-2858-4599-b219-62ee59f1ea2a,Baby Boomers (1946-1964),Eva,Mccoy,GB,female,eva.mccoy@example.com,2022-05-10,,1963-05-29
E01341,5007b80b-c4ff-4066-b16b-e621ce5f5046,Baby Boomers (1946-1964),Rosie,Butler,GB,female,rosie.butler@example.com,2021-12-03,2021-12-28,1962-11-03
E01342,b93c00dd-c9b2-46cb-bd0c-6b4f727fc7b3,Baby Boomers (1946-1964),Lloyd,Gilbert,GB,male,lloyd.gilbert@example.com,2023-01-14,,1962-06-07
E01343,7bdc64df-9705-409b-8f05-0e99e6baef1f,Baby Boomers (1946-1964),Norman,Butler,GB,male,norman.butler@example.com,2021-02-03,,1961-10-12
E01346,500ddaf3-3539-4d24-adeb-fee1539ecf9b,Generation X (1965-1980),Holly,Dunn,GB,female,holly.dunn@example.com,2021-10-05,2023-01-30,1968-02-14
E01348,e3d2c9ff-d916-4225-8167-425ab7e3764c,Generation X (1965-1980),Scarlett,Jenkins,GB,female,scarlett.jenkins@example.com,2022-03-12,2022-04-08,1966-05-15
E01358,58ecc08e-5df3-4e9f-ac30-ce92812fb491,Baby Boomers (1946-1964),Avery,Wallace,GB,female,avery.wallace@example.com,2022-01-23,2023-03-08,1958-09-16
E01370,1f77123e-7768-4caa-bdef-f3194ecf92b1,Baby Boomers (1946-1964),Tim,Henderson,GB,male,tim.henderson@example.com,2022-10-13,2022-12-30,1955-11-14
E01377,30108ebd-5d61-4ca9-bdd9-2b2400ba6c89,Baby Boomers (1946-1964),Allie,Diaz,GB,female,allie.diaz@example.com,2021-08-26,2020-09-27,1958-01-26
E01380,2ab522c0-704e-4300-829b-f2c45a72c94d,Baby Boomers (1946-1964),Veljko,Simić,RS,male,veljko.simic@example.com,2022-01-27,,1947-10-04
E01386,322c7b43-ad8a-49f2-b081-7a1748249461,Baby Boomers (1946-1964),Marie,Patterson,GB,female,marie.patterson@example.com,2022-06-28,2021-11-16,1955-02-28
E01389,3d32fca2-0292-42c2-a711-ce242e2a4cdc,Baby Boomers (1946-1964),Chloe,Mitchelle,GB,female,chloe.mitchelle@example.com,2020-05-09,,1948-07-11
E01394,e2d3203c-fad4-4ae0-b645-aae1681d38d0,Baby Boomers (1946-1964),Vicki,Alexander,GB,female,vicki.alexander@example.com,2021-11-20,2022-08-22,1951-10-20
E01395,f305c860-a32b-49ca-a6ab-e6cc6a00e655,Baby Boomers (1946-1964),Owen,Mason,GB,male,owen.mason@example.com,2020-04-16,2020-12-09,1952-12-22
E01397,42ce428f-3c99-424b-98d2-ec4896e94d3a,Baby Boomers (1946-1964),Kazutaka,Ozaki,GB,male,Kazutaka.Ozaki@example.com,2019-11-11,,1957-04-25
E01402,e43c6893-6da8-4918-96b9-19ae6ede47ac,Baby Boomers (1946-1964),Jur,Kiliç,NL,male,jur.kilic@example.com,2019-11-26,2018-12-20,1950-09-08
E01405,288a4ca4-696b-408a-a5c7-11843525ec9a,Baby Boomers (1946-1964),Amy,Mcdonalid,GB,female,amy.mcdonalid@example.com,2022-09-15,2023-05-02,1949-03-06
E01406,57dfd53e-603b-4e03-941a-afc936cf31a9,Baby Boomers (1946-1964),Zhi,Tsao,GB,female,Zhi.Tsao@example.com,2020-06-07,2021-07-07,1947-11-16
E01408,f802c705-ed9a-4bef-9425-66c6b1d17323,Baby Boomers (1946-1964),Dustin,Cooper,GB,male,dustin.cooper@example.com,2021-06-28,2023-04-18,1949-09-05
E01411,4788776f-6c29-430f-a54b-99b43d7a8f8b,Baby Boomers (1946-1964),Clyde,Robinson,GB,male,clyde.robinson@example.com,2019-09-23,2021-04-15,1957-07-29
E01412,d5f72fdb-c7f4-42cd-93f4-d2d3a4895309,Baby Boomers (1946-1964),Ida,Møller,DK,female,ida.moller@example.com,2018-08-29,2019-03-03,1946-12-26
E01414,e08f37dc-1612-4c1b-90f0-6b450f62732a,Baby Boomers (1946-1964),Anne,Roberts,US,female,anne.roberts@example.com,2021-10-23,2022-08-06,1957-10-15
E01417,f48809af-a788-4839-b709-df404836e8d4,Baby Boomers (1946-1964),Izzie,Duncan,GB,female,izzie.duncan@example.com,2023-02-08,2023-03-24,1954-03-11
E01419,823b9561-cc8b-4aee-8ecb-042b1392c3af,Baby Boomers (1946-1964),Sheryl,Barnes,GB,female,sheryl.barnes@example.com,2022-03-01,2022-05-28,1947-11-29
E01420,0ffbe7ac-580f-4c36-803b-1abd7e18d736,Baby Boomers (1946-1964),Ashley,Simpson,GB,female,ashley.simpson@example.com,2023-02-11,,1949-03-31
E01421,b4c6f97b-41ec-4bd7-bcc2-a6e03bb67b70,Baby Boomers (1946-1964),Olivia,Mendoza,US,female,olivia.mendoza@example.com,2019-05-21,2020-06-09,1946-10-24
E01423,7b649d2d-b337-4e56-a948-b9fa147a2bff,Baby Boomers (1946-1964),Marion,Beck,GB,male,marion.beck@example.com,2019-11-14,,1957-09-11
E01424,1cad37dc-be1a-4f57-b734-634774bbc1cd,Baby Boomers (1946-1964),Jesus,Bishop,GB,male,jesus.bishop@example.com,2020-11-08,2021-05-19,1946-01-09
E01427,05f79025-3ee7-4caa-bcee-4b31d6f6923c,Baby Boomers (1946-1964),Kim,Barnett,GB,female,kim.barnett@example.com,2023-05-09,,1958-05-18
E01430,b7541d1b-4813-4ae3-8770-75c5ca8caa0f,Baby Boomers (1946-1964),Teresa,Powell,GB,female,teresa.powell@example.com,2023-04-23,,1956-06-16
E01431,734991a5-9921-4b47-bccc-c36e06927e59,Baby Boomers (1946-1964),Arthur,Wang,NZ,male,arthur.wang@example.com,2021-10-29,2022-12-28,1954-03-27
E01439,296847e7-82c6-49ea-b59b-001c3e29bf9b,Baby Boomers (1946-1964),Naja,Madsen,DK,female,naja.madsen@example.com,2021-07-13,2021-10-11,1946-09-23
E01440,26774a2e-7d97-4b8b-95ea-8156d6888c12,Silent Generation (1928-1945),Rebecca,Sims,GB,female,rebecca.sims@example.com,2023-05-10,,1945-02-20
E01443,4198f751-4230-4cb6-ba27-29d0b4169761,Baby Boomers (1946-1964),Alida,Köller,DE,female,alida.koller@example.com,2023-06-06,,1957-10-28
E01453,0b9ceacc-e3ef-4a9b-9a09-08332f79c3f9,Silent Generation (1928-1945),Russell,Byrd,GB,male,russell.byrd@example.com,2021-03-11,2022-10-10,1945-01-29
E01454,ddcc60ef-ce30-480b-9e30-353acb39d1a8,Baby Boomers (1946-1964),Mahé,Bourgeois,FR,male,mahe.bourgeois@example.com,2021-11-27,2022-02-21,1951-06-16
E01455,e62babdf-e4ad-4661-95c6-ae1d1f7b96f0,Baby Boomers (1946-1964),Cody,Miller,GB,male,cody.miller@example.com,2020-09-11,2021-05-25,1952-12-22
E01456,c4cb1ab7-dc81-4f4f-a911-ea806e6c000c,Baby Boomers (1946-1964),Flenn,Terry,GB,male,flenn.terry@example.com,2023-03-19,,1953-11-16
E01458,fc4b039d-69b6-4e6d-9e7b-047be57f683a,Baby Boomers (1946-1964),Sara,Vincent,FR,female,sara.vincent@example.com,2019-11-04,2021-03-24,1956-04-13
E01459,0f322a60-7ea0-49bc-a5fa-7e46ea8d165c,Baby Boomers (1946-1964),Leslie,Hunt,US,male,leslie.hunt@example.com,2023-01-08,2023-03-28,1949-09-03
E01466,dc729edc-b020-4dce-abbb-5124d0100cc2,Baby Boomers (1946-1964),Franka,Toonen,NL,female,franka.toonen@example.com,2021-02-24,,1946-06-15
E01467,7af42bd2-2c49-4d6d-bbfa-d5b4752c4c09,Baby Boomers (1946-1964),Sharron,Berry,IE,female,sharron.berry@example.com,2020-06-12,,1951-03-07
E01476,39ff49f9-bfc5-46b3-8de9-60afa154e9a7,Baby Boomers (1946-1964),Sarah,Baker,GB,female,sarah.baker@example.com,2023-01-24,2022-02-18,1955-05-20
E01482,1070a7cf-677b-4d13-ace7-3a9aec32a274,Baby Boomers (1946-1964),Kim,White,GB,female,kim.white@example.com,2019-08-28,2023-01-27,1950-10-18
E01484,751faa49-8b4a-4832-83d3-8e347fba3080,Baby Boomers (1946-1964),Willie,Burton,GB,male,willie.burton@example.com,2019-11-18,2022-09-20,1955-02-14
E01487,854f13d9-874d-4ff4-963d-18f0625db1cd,Baby Boomers (1946-1964),Tracy,Evans,GB,male,tracy.evans@example.com,2023-02-01,2023-01-29,1955-08-17
E01489,52acefca-0b2f-4dbd-9d46-d4e2593d3e28,Baby Boomers (1946-1964),Predrag,Rajković,RS,male,predrag.rajkovic@example.com,2020-07-09,2022-07-05,1948-08-03
E01491,04799c53-59bc-49be-ac31-1e9b03a2c193,Baby Boomers (1946-1964),Elif,Haugum,NO,female,elif.haugum@example.com,2022-01-04,2022-08-19,1951-07-19
E01495,bf05255f-243f-4e36-b81f-7828fca1ebab,Baby Boomers (1946-1964),Roberto,Shaw,GB,male,roberto.shaw@example.com,2021-02-25,2022-07-18,1954-09-22
E01496,a8fed9c5-bc78-41ca-a775-73615ae4d723,Baby Boomers (1946-1964),Benjamin,Smith,US,male,benjamin.smith@example.com,2020-10-15,2021-03-29,1946-06-26
E01497,696722bd-4ba4-4e31-a6ca-f438a3cf7ddf,Baby Boomers (1946-1964),Lylou,Rolland,FR,female,lylou.rolland@example.com,2021-08-06,,1957-08-01
E01502,5d5d1656-6b3b-485e-98f4-ab9d67dbfdbe,Baby Boomers (1946-1964),Alison,Byrd,GB,female,alison.byrd@example.com,2019-11-20,2020-10-31,1948-10-25
E01504,c8498148-94e6-4018-9545-5348346da284,Baby Boomers (1946-1964),Alex,Bell,GB,female,alex.bell@example.com,2021-03-13,2021-10-16,1948-08-14
E01507,c10a2497-f13b-4161-a0b9-1c6cfcdeb0df,Baby Boomers (1946-1964),Megan,May,GB,female,megan.may@example.com,2023-06-30,,1947-08-25
E01510,42446b1d-5045-49ab-a2f1-92a3bed7726d,Baby Boomers (1946-1964),Andrea,Meyer,US,female,andrea.meyer@example.com,2023-04-26,,1957-10-03
E01511,59ce341d-ca3e-43a3-aead-76f137c968f3,Baby Boomers (1946-1964),Stanley,Montgomery,GB,male,stanley.montgomery@example.com,2022-03-27,2023-01-21,1956-06-16
E01514,8a3ad32b-ad80-4b33-b246-4396d9eeffb0,Baby Boomers (1946-1964),Melvin,Williams,GB,male,melvin.williams@example.com,2023-03-03,,1947-12-28
E01522,fa3d652f-b03e-40c6-a43a-cf8cc16e5867,Baby Boomers (1946-1964),Heather,Morgan,GB,female,heather.morgan@example.com,2022-12-03,2023-01-16,1946-10-26
E01523,22e7b134-44d5-480f-81de-77acd5a9a4d5,Baby Boomers (1946-1964),Darrell,Little,GB,male,darrell.little@example.com,2019-02-28,2020-06-18,1946-12-10
E01524,456ccace-751c-4597-82e8-5752f43539c9,Baby Boomers (1946-1964),Hui,Mai,GB,female,Hui.Mai@example.com,2021-05-06,,1950-05-05
